{"type": "FeatureCollection", "features": [{"type": "Feature", "geometry": {"type": "Point", "coordinates": [39.874186, 21.455069]}, "properties": {"row": 1, "station_number": "MK001", "city": "مكة", "station_name": "جبل النور", "operational_status": "Operation", "coords_source": "google_place", "google_place_name": "Darb 1 Petrol Station", "google_address": "King Faisal Rd, Jabal An Nur, Makkah 24239, Saudi Arabia", "place_id": "ChIJz5uqgu4DwhURpWaRtc6EQwA", "original_short_url": "https://maps.app.goo.gl/bLQ8Rk8NXVCu52ic7", "google_maps_link": "https://www.google.com/maps?q=21.4550690,39.8741860", "notes": ""}}, {"type": "Feature", "geometry": {"type": "Point", "coordinates": [39.899787, 21.465684]}, "properties": {"row": 2, "station_number": "MK002", "city": "مكة", "station_name": "المعيصم", "operational_status": "Operation", "coords_source": "google_place", "google_place_name": "محطة درب", "google_address": "6588 King Faisal Rd, Makkah 24263, Saudi Arabia", "place_id": "ChIJ5_MC1fkBwhURQqrwJ8Qgc6o", "original_short_url": "https://maps.app.goo.gl/F45v54bDzqzHCT3t9", "google_maps_link": "https://www.google.com/maps?q=21.4656840,39.8997870", "notes": ""}}, {"type": "Feature", "geometry": {"type": "Point", "coordinates": [39.899656, 21.361111]}, "properties": {"row": 3, "station_number": "MK003", "city": "مكة", "station_name": "العوالي", "operational_status": "Operation", "coords_source": "google_place", "google_place_name": "DARB 3 STATION", "google_address": "طريق الطائف, Makkah 24372, Saudi Arabia", "place_id": "ChIJea6MziwHwhURWVauBUTA_Qw", "original_short_url": "https://maps.app.goo.gl/6qVC9TAckzxgxKAE8", "google_maps_link": "https://www.google.com/maps?q=21.3611110,39.8996560", "notes": ""}}, {"type": "Feature", "geometry": {"type": "Point", "coordinates": [39.887062, 21.31928]}, "properties": {"row": 4, "station_number": "MK008", "city": "مكة", "station_name": "الحسينية", "operational_status": "Operation", "coords_source": "google_place", "google_place_name": "محطة درب", "google_address": "Al Husainiah Rd, Makkah 24375, Saudi Arabia", "place_id": "ChIJFc7bXxAPwhURl0tAUGYVqsU", "original_short_url": "https://maps.app.goo.gl/AgQKFt6mX7ik9p586", "google_maps_link": "https://www.google.com/maps?q=21.3192800,39.8870620", "notes": ""}}, {"type": "Feature", "geometry": {"type": "Point", "coordinates": [39.7787467, 21.5454699]}, "properties": {"row": 5, "station_number": "MK007", "city": "مكة", "station_name": "العمرة الجديدة", "operational_status": "Operation", "coords_source": "google_place", "google_place_name": "محطة درب", "google_address": "Al Umrah Al Jadidah, Makkah 24414, Saudi Arabia", "place_id": "ChIJi_-dLQD3wRUR0pvbyZf2Lgo", "original_short_url": "https://maps.app.goo.gl/kfbiarxj5P9wHUbN9", "google_maps_link": "https://www.google.com/maps?q=21.5454699,39.7787467", "notes": ""}}, {"type": "Feature", "geometry": {"type": "Point", "coordinates": [39.281023, 22.08864]}, "properties": {"row": 6, "station_number": "MK014", "city": "مكة", "station_name": "خليص", "operational_status": "Operation", "coords_source": "google_place", "google_place_name": "محطة درب", "google_address": "حي الملك فهد, Khulais 25531, Saudi Arabia", "place_id": "ChIJUxZDLAAJwRURdo9Bk_qh8us", "original_short_url": "https://maps.app.goo.gl/vFwDFJo3wzNUB5wHA", "google_maps_link": "https://www.google.com/maps?q=22.0886400,39.2810230", "notes": ""}}, {"type": "Feature", "geometry": {"type": "Point", "coordinates": [39.7924045, 21.402929]}, "properties": {"row": 7, "station_number": "MK016", "city": "مكة", "station_name": "الرصيفة", "operational_status": "Operation", "coords_source": "google_place", "google_place_name": "محطة درب", "google_address": "6910 Al Mansuriah St, Ar Rusayfah, Makkah 24232, Saudi Arabia", "place_id": "ChIJDzfvrfIbwhURjbztWORSL-4", "original_short_url": "https://maps.app.goo.gl/turBqiYgPn5MtySC7", "google_maps_link": "https://www.google.com/maps?q=21.4029290,39.7924045", "notes": ""}}, {"type": "Feature", "geometry": {"type": "Point", "coordinates": [39.7873125, 21.3828125]}, "properties": {"row": 8, "station_number": "MK017", "city": "مكة", "station_name": "عرفات الشوقية", "operational_status": "Operation", "coords_source": "google_place", "google_place_name": "محطة درب", "google_address": "Al Shoqiyah, Makkah 24351, Saudi Arabia", "place_id": "ChIJnSTjBugbwhURsq66Ql59eZo", "original_short_url": "https://maps.app.goo.gl/29qAVLNJMJaAfqKX7", "google_maps_link": "https://www.google.com/maps?q=21.3828125,39.7873125", "notes": ""}}, {"type": "Feature", "geometry": {"type": "Point", "coordinates": [39.78885, 21.408227]}, "properties": {"row": 9, "station_number": "MK018", "city": "مكة", "station_name": "الرصيفة المسار", "operational_status": "Operation", "coords_source": "google_place", "google_place_name": "محطة درب", "google_address": "حي الرصيفة, MCCA7495، 7495 طريق المنصورية، 2946, Makkah Saudi Arabia", "place_id": "ChIJiR3yZPUbwhUREkpzBPwiwTQ", "original_short_url": "https://maps.app.goo.gl/TZYSA2igkYziBM9G8", "google_maps_link": "https://www.google.com/maps?q=21.4082270,39.7888500", "notes": ""}}, {"type": "Feature", "geometry": {"type": "Point", "coordinates": [39.915505, 21.477305]}, "properties": {"row": 10, "station_number": "MK019", "city": "مكة", "station_name": "الشرايع", "operational_status": "Operation", "coords_source": "google_place", "google_place_name": "محطة درب", "google_address": "4072 طريق السيل, Al Khadra, 8583, Makkah 24263, Saudi Arabia", "place_id": "ChIJ51WqCUABwhURVpGr8j6X4i4", "original_short_url": "https://maps.app.goo.gl/VDC152DbqzNfjsaA6", "google_maps_link": "https://www.google.com/maps?q=21.4773050,39.9155050", "notes": ""}}, {"type": "Feature", "geometry": {"type": "Point", "coordinates": [39.7976621, 21.3703425]}, "properties": {"row": 11, "station_number": "MK020", "city": "مكة", "station_name": "ممشى الشوقية", "operational_status": "Operation", "coords_source": "google_place", "google_place_name": "محطة درب", "google_address": "MDWB5425، 5425 معالي ابراهيم عبدالله العنقري, Walyal Ahd Dist., Makkah 24353, Saudi Arabia", "place_id": "ChIJ8TSQL5kbwhURyO7lZfVMs3E", "original_short_url": "https://maps.app.goo.gl/5dg9jTrY69K9FGfC9", "google_maps_link": "https://www.google.com/maps?q=21.3703425,39.7976621", "notes": ""}}, {"type": "Feature", "geometry": {"type": "Point", "coordinates": [39.8347736, 21.3493706]}, "properties": {"row": 12, "station_number": "MK022", "city": "مكة", "station_name": "1بطحاء قريش", "operational_status": "Operation", "coords_source": "google_place", "google_place_name": "محطة درب", "google_address": "7290 ابو العاص بن الربيع, حي بطحاء قريش, MDQA3315، 3315, Makkah Saudi Arabia", "place_id": "ChIJt672RvcPwhURH5N9C-XlurA", "original_short_url": "https://maps.app.goo.gl/5X6YUHWPBh1GuEgL8", "google_maps_link": "https://www.google.com/maps?q=21.3493706,39.8347736", "notes": ""}}, {"type": "Feature", "geometry": {"type": "Point", "coordinates": [39.9289375, 21.4704375]}, "properties": {"row": 13, "station_number": "MK023", "city": "مكة", "station_name": "بن درويش", "operational_status": "Operation", "coords_source": "google_place", "google_place_name": "محطة درب", "google_address": "FWCH+5HJ, Al Khadra, Makkah 24267, Saudi Arabia", "place_id": "ChIJjdvRiScBwhURO9YkVCJO804", "original_short_url": "https://maps.app.goo.gl/t8KPRvutMzRvVrV78", "google_maps_link": "https://www.google.com/maps?q=21.4704375,39.9289375", "notes": ""}}, {"type": "Feature", "geometry": {"type": "Point", "coordinates": [39.7839162, 21.4077361]}, "properties": {"row": 14, "station_number": "MK029", "city": "مكة", "station_name": "الدائري الثالث-الذكرى", "operational_status": "Operation", "coords_source": "google_place", "google_place_name": "محطة درب", "google_address": "Third Ring Rd, Ar Rusayfah, Makkah 24232, Saudi Arabia", "place_id": "ChIJb9SYsUMbwhUROdJLowp_j20", "original_short_url": "https://maps.app.goo.gl/SPDW18ud8ZszM4Sr7", "google_maps_link": "https://www.google.com/maps?q=21.4077361,39.7839162", "notes": ""}}, {"type": "Feature", "geometry": {"type": "Point", "coordinates": [39.8315794, 21.3655079]}, "properties": {"row": 15, "station_number": "MK031", "city": "مكة", "station_name": "2بطحاء قريش", "operational_status": "Operation", "coords_source": "google_place", "google_place_name": "محطة درب", "google_address": "حي بطحاء قريش, MDQA2975، 2975 شارع عتاب إبن أسيد رضى الله عنه، 9065, Makkah Saudi Arabia", "place_id": "ChIJ_15-seQFwhURmKUx3Xowu-U", "original_short_url": "https://maps.app.goo.gl/5sGAEfc4vWWdpZDS6", "google_maps_link": "https://www.google.com/maps?q=21.3655079,39.8315794", "notes": ""}}, {"type": "Feature", "geometry": {"type": "Point", "coordinates": [39.7879791, 21.5996063]}, "properties": {"row": 16, "station_number": "MK033", "city": "مكة", "station_name": "ابو وافي العمرة", "operational_status": "Operation", "coords_source": "google_place", "google_place_name": "محطة درب", "google_address": "Al Umrah Al Jadidah, Makkah 24418, Saudi Arabia", "place_id": "ChIJ3Q8Pz533wRURtu5LDzIDbP0", "original_short_url": "https://maps.app.goo.gl/1UzEBBe17RRAH2M38", "google_maps_link": "https://www.google.com/maps?q=21.5996063,39.7879791", "notes": ""}}, {"type": "Feature", "geometry": {"type": "Point", "coordinates": [39.9771851, 21.4656864]}, "properties": {"row": 17, "station_number": "MK047", "city": "مكة", "station_name": "القادسية", "operational_status": "Operation", "coords_source": "google_place", "google_place_name": "محطة درب", "google_address": "7300 سعيد بن ثابت الانصاري, حي الكوثر, MERB2552، 2552, Makkah Saudi Arabia", "place_id": "ChIJB08JVQABwhUR3DfxuoMrYiw", "original_short_url": "https://maps.app.goo.gl/zNh3dypoRFRX16vY7", "google_maps_link": "https://www.google.com/maps?q=21.4656864,39.9771851", "notes": ""}}, {"type": "Feature", "geometry": {"type": "Point", "coordinates": [39.7641901, 21.3454637]}, "properties": {"row": 18, "station_number": "MK049", "city": "مكة", "station_name": "السلولي", "operational_status": "Franchises", "coords_source": "google_place", "google_place_name": "محطة درب", "google_address": "شارع عبدالله عريف, Walyal Ahd Dist., Makkah 24356, Saudi Arabia", "place_id": "ChIJYT-kTwARwhURcT4cPdXPH9k", "original_short_url": "https://maps.app.goo.gl/45LDeqE1syDZvbNq6", "google_maps_link": "https://www.google.com/maps?q=21.3454637,39.7641901", "notes": ""}}, {"type": "Feature", "geometry": {"type": "Point", "coordinates": [39.9480126, 21.5484955]}, "properties": {"row": 19, "station_number": "MK064", "city": "مكة", "station_name": "جعرانه", "operational_status": "Operation", "coords_source": "google_place", "google_place_name": "محطة درب", "google_address": "GWXX+774, Al Ju'ranah 24443, Saudi Arabia", "place_id": "ChIJ8zA9PAD_wRURlngnGCLrExY", "original_short_url": "https://maps.app.goo.gl/7bKLuzouMWks5XFEA", "google_maps_link": "https://www.google.com/maps?q=21.5484955,39.9480126", "notes": ""}}, {"type": "Feature", "geometry": {"type": "Point", "coordinates": [39.7005756, 21.6142042]}, "properties": {"row": 20, "station_number": "MK068", "city": "مكة", "station_name": "الجموم - الكنيدري", "operational_status": "Operation", "coords_source": "google_place", "google_place_name": "محطة درب", "google_address": "الكنيدري, Al Jumum 24372, Saudi Arabia", "place_id": "ChIJ6_njIgD1wRUR07ciV0T7rVU", "original_short_url": "https://maps.app.goo.gl/sN6fSKP5jCHgU2vP9", "google_maps_link": "https://www.google.com/maps?q=21.6142042,39.7005756", "notes": ""}}, {"type": "Feature", "geometry": {"type": "Point", "coordinates": [39.8773799, 21.399723]}, "properties": {"row": 21, "station_number": "MK072", "city": "مكة", "station_name": "العزيزية", "operational_status": "Operation", "coords_source": "google_place", "google_place_name": "محطة درب", "google_address": "7925 Al Shiekh Abdallah Ibn Danash, Al Jamiah, Makkah 24242, Saudi Arabia", "place_id": "ChIJ93ihcggFwhURIKjQNUm8qr4", "original_short_url": "https://maps.app.goo.gl/FZHcAMvFdCfC8HdY7", "google_maps_link": "https://www.google.com/maps?q=21.3997230,39.8773799", "notes": ""}}, {"type": "Feature", "geometry": {"type": "Point", "coordinates": [40.2145054, 21.3574273]}, "properties": {"row": 22, "station_number": "MK084", "city": "مكة", "station_name": "الكر النازل", "operational_status": "Operation", "coords_source": "google_place", "google_place_name": "محطة درب", "google_address": "Meccah - Al Taif, مكة 26798, Saudi Arabia", "place_id": "ChIJQS-obgD36RUROXmVHThH0kI", "original_short_url": "https://maps.app.goo.gl/JKEzgBW8QCmiDywMA", "google_maps_link": "https://www.google.com/maps?q=21.3574273,40.2145054", "notes": ""}}, {"type": "Feature", "geometry": {"type": "Point", "coordinates": [40.1039672, 21.5186527]}, "properties": {"row": 23, "station_number": "MK054", "city": "مكة", "station_name": "محطة طريق السيل", "operational_status": "Operation", "coords_source": "google_place", "google_place_name": "محطة درب", "google_address": "2630 طريق الملك فيصل بن عبد العزيز, مكة 24464, Saudi Arabia", "place_id": "ChIJa9sC21YF6hURJy5UDKWrJqs", "original_short_url": "https://maps.app.goo.gl/ra2FeTjDM7SCDRFY8", "google_maps_link": "https://www.google.com/maps?q=21.5186527,40.1039672", "notes": ""}}, {"type": "Feature", "geometry": {"type": "Point", "coordinates": [39.877632, 21.360823]}, "properties": {"row": 24, "station_number": "MK323", "city": "مكة", "station_name": "جبل ثور-جوهرة النسيم", "operational_status": "Franchises", "coords_source": "google_place", "google_place_name": "محطة درب", "google_address": "Jabal Thawr Rd, An Naseem, Makkah 24245, Saudi Arabia", "place_id": "ChIJ0VLgafMFwhURc7i0oQfIEdE", "original_short_url": "https://maps.app.goo.gl/EbEkdV3DSoGxQJTi8", "google_maps_link": "https://www.google.com/maps?q=21.3608230,39.8776320", "notes": ""}}, {"type": "Feature", "geometry": {"type": "Point", "coordinates": [39.7742498, 21.3974765]}, "properties": {"row": 25, "station_number": "MK257", "city": "مكة", "station_name": "الربوة مكة", "operational_status": "Operation", "coords_source": "dropped_pin", "google_place_name": "", "google_address": "", "place_id": "", "original_short_url": "https://maps.app.goo.gl/Mji7fiQ8iX6WxWCF9?g_st=iw", "google_maps_link": "https://www.google.com/maps?q=21.3974765,39.7742498", "notes": ""}}, {"type": "Feature", "geometry": {"type": "Point", "coordinates": [39.7862259, 21.4249858]}, "properties": {"row": 26, "station_number": "MK258", "city": "مكة", "station_name": "الستين مكة", "operational_status": "Operation", "coords_source": "google_place", "google_place_name": "BENZOL", "google_address": "CQGP+2G2، طريق الامير محمد بن سلمان، حي النزهة, Makkah 24225, Saudi Arabia", "place_id": "ChIJO3ApLy4bwhURfCRCSvf2Paw", "original_short_url": "https://maps.app.goo.gl/ZghKvLVfusUTTt656?g_st=iw", "google_maps_link": "https://www.google.com/maps?q=21.4249858,39.7862259", "notes": ""}}, {"type": "Feature", "geometry": {"type": "Point", "coordinates": [40.4904705, 21.500992]}, "properties": {"row": 27, "station_number": "MK004", "city": "الطائف", "station_name": "عاصفة الصحراء", "operational_status": "Operation", "coords_source": "google_place", "google_place_name": "محطة درب", "google_address": "As Sail Rd, طريق مكة المكرمة, Taif Saudi Arabia", "place_id": "ChIJeSfSrCcx6hURu1kONYcv8P0", "original_short_url": "https://maps.app.goo.gl/A2BFSbroMH5SPbaY8", "google_maps_link": "https://www.google.com/maps?q=21.5009920,40.4904705", "notes": ""}}, {"type": "Feature", "geometry": {"type": "Point", "coordinates": [40.449593, 21.355569]}, "properties": {"row": 28, "station_number": "MK005", "city": "الطائف", "station_name": "الشيباني", "operational_status": "Operation", "coords_source": "google_place", "google_place_name": "Darb 5 Petrol Station", "google_address": "حي, Airport Rd, Alhalqa Al Sharqiyyah, Taif 26553, Saudi Arabia", "place_id": "ChIJ7eKDTgIn6hUROqMrPa-tgzY", "original_short_url": "https://maps.app.goo.gl/q5vjDvNzRWDUZXPX8", "google_maps_link": "https://www.google.com/maps?q=21.3555690,40.4495930", "notes": ""}}, {"type": "Feature", "geometry": {"type": "Point", "coordinates": [40.464029, 21.237471]}, "properties": {"row": 29, "station_number": "MK006", "city": "الطائف", "station_name": "جنوب الطائف", "operational_status": "Operation", "coords_source": "google_place", "google_place_name": "محطة درب", "google_address": "شارع حسان بن ثابت, Alsabaa, Taif 26517, Saudi Arabia", "place_id": "ChIJ6ZyW3e6P6RURKrCoWSmvXAM", "original_short_url": "https://maps.app.goo.gl/BSajPNHHJchJyAUFA", "google_maps_link": "https://www.google.com/maps?q=21.2374710,40.4640290", "notes": ""}}, {"type": "Feature", "geometry": {"type": "Point", "coordinates": [40.3669245, 21.3112925]}, "properties": {"row": 30, "station_number": "MK028", "city": "الطائف", "station_name": "احلى مساء", "operational_status": "Operation", "coords_source": "google_place", "google_place_name": "محطة درب", "google_address": "TAUA6131, 6131, Taif 26581, Saudi Arabia", "place_id": "ChIJSSbBVlKL6RURtyz9hRXdQMM", "original_short_url": "https://maps.app.goo.gl/MNyozB7qUzoJ5m3s6", "google_maps_link": "https://www.google.com/maps?q=21.3112925,40.3669245", "notes": ""}}, {"type": "Feature", "geometry": {"type": "Point", "coordinates": [40.375183, 21.237522]}, "properties": {"row": 31, "station_number": "MK035", "city": "الطائف", "station_name": "الجمعية الوسام( طريق الملك فهد)", "operational_status": "Operation", "coords_source": "google_place", "google_place_name": "محطة درب", "google_address": "King Fahad Ring Rd, Alqrahin, Taif 26511, Saudi Arabia", "place_id": "ChIJazYwXgCN6RURysy6hTGy55o", "original_short_url": "https://maps.app.goo.gl/KsUJR4js7yraMkoa8", "google_maps_link": "https://www.google.com/maps?q=21.2375220,40.3751830", "notes": ""}}, {"type": "Feature", "geometry": {"type": "Point", "coordinates": [40.531671, 21.227507]}, "properties": {"row": 32, "station_number": "MK046", "city": "الطائف", "station_name": "الحليس(طريق الجنوب)", "operational_status": "Operation", "coords_source": "google_place", "google_place_name": "محطة درب", "google_address": "طريق الجنوب الباحة, C38, Taif 26733, Saudi Arabia", "place_id": "ChIJYUkMpKaF6RUR4BnofnkKA-E", "original_short_url": "https://maps.app.goo.gl/VG5g8gwZSHEdxoGb8", "google_maps_link": "https://www.google.com/maps?q=21.2275070,40.5316710", "notes": ""}}, {"type": "Feature", "geometry": {"type": "Point", "coordinates": [40.4154689, 21.2340022]}, "properties": {"row": 33, "station_number": "MK063", "city": "الطائف", "station_name": "السواط(شهار)", "operational_status": "Operation", "coords_source": "google_place", "google_place_name": "محطة درب", "google_address": "2505 Qouraish, Al Sadad, Taif 26514, Saudi Arabia", "place_id": "ChIJ-bKoDwCP6RURwEm_yjul5Ag", "original_short_url": "https://maps.app.goo.gl/pGagHfPk8rwvto5t8", "google_maps_link": "https://www.google.com/maps?q=21.2340022,40.4154689", "notes": ""}}, {"type": "Feature", "geometry": {"type": "Point", "coordinates": [41.6313886, 21.2166126]}, "properties": {"row": 34, "station_number": "MK067", "city": "الطائف", "station_name": "تربه", "operational_status": "Franchises", "coords_source": "google_place", "google_place_name": "محطة درب", "google_address": "King Fahd Road, Al Salam, Turbah 29541, Saudi Arabia", "place_id": "ChIJRQCSWvc97BURLxLp0onreX0", "original_short_url": "https://maps.app.goo.gl/qPZMRQTHkY4XYcRt6", "google_maps_link": "https://www.google.com/maps?q=21.2166126,41.6313886", "notes": ""}}, {"type": "Feature", "geometry": {"type": "Point", "coordinates": [40.4437956, 21.2900198]}, "properties": {"row": 35, "station_number": "MK093", "city": "الطائف", "station_name": "الملك خالد", "operational_status": "Operation", "coords_source": "google_place", "google_place_name": "محطة درب", "google_address": "5175 King Khalid Rd, Aljafijif، TADA7888، 7888, Taif 26523, Saudi Arabia", "place_id": "ChIJLctCWwCJ6RURZzsvvR6JVAs", "original_short_url": "https://maps.app.goo.gl/dywgWoyDthxqK79U8", "google_maps_link": "https://www.google.com/maps?q=21.2900198,40.4437956", "notes": ""}}, {"type": "Feature", "geometry": {"type": "Point", "coordinates": [40.4399932, 21.2826293]}, "properties": {"row": 36, "station_number": "MK099", "city": "الطائف", "station_name": "البيعه", "operational_status": "Operation", "coords_source": "google_place", "google_place_name": "محطة درب", "google_address": "البيعه, Aljal, Taif 24372, Saudi Arabia", "place_id": "ChIJfQjrWQCJ6RURJyFm5bfjUCE", "original_short_url": "https://maps.app.goo.gl/S4Wsqx2MYn8U9Zy27", "google_maps_link": "https://www.google.com/maps?q=21.2826293,40.4399932", "notes": ""}}, {"type": "Feature", "geometry": {"type": "Point", "coordinates": [39.226482, 21.511758]}, "properties": {"row": 37, "station_number": "MK015", "city": "جدة", "station_name": "النسيم", "operational_status": "Operation", "coords_source": "google_place", "google_place_name": "محطة درب", "google_address": "King Abdallah Rd, An Naseem, Jeddah 23233, Saudi Arabia", "place_id": "ChIJE7Js9brPwxURpp4MNaOT8F0", "original_short_url": "https://maps.app.goo.gl/KHGrNchehzTG1ZQF8", "google_maps_link": "https://www.google.com/maps?q=21.5117580,39.2264820", "notes": ""}}, {"type": "Feature", "geometry": {"type": "Point", "coordinates": [39.2932839, 21.3957088]}, "properties": {"row": 38, "station_number": "MK071", "city": "جدة", "station_name": "الاجاويد", "operational_status": "Operation", "coords_source": "google_place", "google_place_name": "محطة درب", "google_address": "Alajaweed, Jeddah 22443, Saudi Arabia", "place_id": "ChIJ62xuVKPLwxURrn1No8l3Sd0", "original_short_url": "https://maps.app.goo.gl/g6TEPEq1mZXRZKgy5", "google_maps_link": "https://www.google.com/maps?q=21.3957088,39.2932839", "notes": ""}}, {"type": "Feature", "geometry": {"type": "Point", "coordinates": [39.2061742, 21.7294266]}, "properties": {"row": 39, "station_number": "MK100", "city": "جدة", "station_name": "الكوثر", "operational_status": "Operation", "coords_source": "dropped_pin", "google_place_name": "", "google_address": "", "place_id": "", "original_short_url": "https://maps.app.goo.gl/Ssp39Ck5qFinCSDQ6", "google_maps_link": "https://www.google.com/maps?q=21.7294266,39.2061742", "notes": ""}}, {"type": "Feature", "geometry": {"type": "Point", "coordinates": [39.1480853, 21.7464487]}, "properties": {"row": 40, "station_number": "MK154", "city": "جدة", "station_name": "العليا-ابحر الشمالية", "operational_status": "Franchises", "coords_source": "google_place", "google_place_name": "محطة درب", "google_address": "Amro Ibn Mourrah, Abhur Al Junoobiyah, Jeddah 23734, Saudi Arabia", "place_id": "ChIJEatJcUFjwRURtrIltAweruE", "original_short_url": "https://maps.app.goo.gl/2r9PkGupt6AJ5BjeA", "google_maps_link": "https://www.google.com/maps?q=21.7464487,39.1480853", "notes": ""}}, {"type": "Feature", "geometry": {"type": "Point", "coordinates": [39.2908608, 21.557699]}, "properties": {"row": 41, "station_number": "MK210", "city": "جدة", "station_name": "الفلاح-فلسطين", "operational_status": "Franchises", "coords_source": "google_place", "google_place_name": "محطة درب", "google_address": "3359 Palestine, Mraykh, Jeddah 23252, Saudi Arabia", "place_id": "ChIJH1ItU_7TwxURrMG15sta3As", "original_short_url": "https://maps.app.goo.gl/JYngJqtoAze9rnSq8", "google_maps_link": "https://www.google.com/maps?q=21.5576990,39.2908608", "notes": ""}}, {"type": "Feature", "geometry": {"type": "Point", "coordinates": [39.1737006, 21.4946843]}, "properties": {"row": 42, "station_number": "MK300", "city": "جدة", "station_name": "بترولايز البغدادية", "operational_status": "Franchises", "coords_source": "google_place", "google_place_name": "محطة درب", "google_address": "3570 Al Andalus Rd, Al-Baghdadiyah Al-Gharbiyah, Jeddah 22232, Saudi Arabia", "place_id": "ChIJt-f9J6HPwxUR3ZgSS9usDxY", "original_short_url": "https://maps.app.goo.gl/6MuFMRYU1ogtLSDw6", "google_maps_link": "https://www.google.com/maps?q=21.4946843,39.1737006", "notes": ""}}, {"type": "Feature", "geometry": {"type": "Point", "coordinates": [39.1747977, 21.6138704]}, "properties": {"row": 43, "station_number": "MK103", "city": "جدة", "station_name": "اكويلا فيول - المعلمي", "operational_status": "Franchises", "coords_source": "google_place", "google_place_name": "محطة درب", "google_address": "Yahya Al Mualimi, Ar Rabwah, Jeddah 23533, Saudi Arabia", "place_id": "ChIJre_dpi_RwxUR9SQa7YOIrho", "original_short_url": "https://maps.app.goo.gl/KK4iz2cCBj5ZYB8H6", "google_maps_link": "https://www.google.com/maps?q=21.6138704,39.1747977", "notes": ""}}, {"type": "Feature", "geometry": {"type": "Point", "coordinates": [39.244358, 21.552031]}, "properties": {"row": 44, "station_number": "MK216", "city": "جدة", "station_name": "الواحة", "operational_status": "Franchises", "coords_source": "google_place", "google_place_name": "محطة درب", "google_address": "Dihya Bin Khalifa Al-Kalbi, Rd, Jeddah 23353, Saudi Arabia", "place_id": "ChIJf1baXYvTwxURURohNRLPzxk", "original_short_url": "https://maps.app.goo.gl/eLGR6WpCW8veAsEX7", "google_maps_link": "https://www.google.com/maps?q=21.5520310,39.2443580", "notes": ""}}, {"type": "Feature", "geometry": {"type": "Point", "coordinates": [39.163804, 21.537642]}, "properties": {"row": 45, "station_number": "MK223", "city": "جدة", "station_name": "بترو لايز المساعدية  / الحمراء", "operational_status": "Franchises", "coords_source": "google_place", "google_place_name": "محطة درب", "google_address": "Arafat, Al-Hamra'a, Jeddah 23323, Saudi Arabia", "place_id": "ChIJran6xj_PwxURy4XNOXAt38Q", "original_short_url": "https://maps.app.goo.gl/FAJnLHzBz3AoNpR88", "google_maps_link": "https://www.google.com/maps?q=21.5376420,39.1638040", "notes": ""}}, {"type": "Feature", "geometry": {"type": "Point", "coordinates": [39.261868, 21.328842]}, "properties": {"row": 46, "station_number": "MK289", "city": "جدة", "station_name": "طريق الليث التعاون-الفضيلة", "operational_status": "Franchises", "coords_source": "google_place", "google_place_name": "محطة درب", "google_address": "Al-Laith Rd, At Taawon, Jeddah 22542, Saudi Arabia", "place_id": "ChIJ4f4AZqi1wxUR60vLPMMQlao", "original_short_url": "https://maps.app.goo.gl/YA2CGo79RBqmZJ9r5", "google_maps_link": "https://www.google.com/maps?q=21.3288420,39.2618680", "notes": ""}}, {"type": "Feature", "geometry": {"type": "Point", "coordinates": [39.3018479, 21.4825375]}, "properties": {"row": 47, "station_number": "MK311", "city": "جدة", "station_name": "قويزه", "operational_status": "Franchises", "coords_source": "google_place", "google_place_name": "محطة درب", "google_address": "حي, طريق المئة، المنتزهات, Jeddah 22354, Saudi Arabia", "place_id": "ChIJT1bGfADNwxUR-_2G91MGugc", "original_short_url": "https://maps.app.goo.gl/VLy41ZGKdoLsa75h9", "google_maps_link": "https://www.google.com/maps?q=21.4825375,39.3018479", "notes": ""}}, {"type": "Feature", "geometry": {"type": "Point", "coordinates": [42.6393125, 17.1929375]}, "properties": {"row": 48, "station_number": "JA053", "city": "جازان", "station_name": "خبت نخلان(الملك عبد العزيز)-جيزان", "operational_status": "Operation", "coords_source": "google_place", "google_place_name": "محطة درب", "google_address": "5JVQ+5P5, Lakisah 24372, Saudi Arabia", "place_id": "ChIJwRRs7YNP_RURUtnJvXML6Io", "original_short_url": "https://maps.app.goo.gl/YkC6JVTUNV23RsHk9", "google_maps_link": "https://www.google.com/maps?q=17.1929375,42.6393125", "notes": ""}}, {"type": "Feature", "geometry": {"type": "Point", "coordinates": [42.9330356, 16.6347029]}, "properties": {"row": 49, "station_number": "JA060", "city": "جازان", "station_name": "صناعية صامطه", "operational_status": "Operation", "coords_source": "google_place", "google_place_name": "محطة درب", "google_address": "GSPA4404, 4404 الصناعية 5, 7023, Samtah 86385, Saudi Arabia", "place_id": "ChIJ7cf34yS_BxYRaDCZQLvyP5A", "original_short_url": "https://maps.app.goo.gl/RqeMiGTQwZLFK9TWA", "google_maps_link": "https://www.google.com/maps?q=16.6347029,42.9330356", "notes": ""}}, {"type": "Feature", "geometry": {"type": "Point", "coordinates": [42.616468, 16.971933]}, "properties": {"row": 50, "station_number": "JA061", "city": "جازان", "station_name": "طريق صبيا", "operational_status": "Operation", "coords_source": "google_place", "google_place_name": "محطة درب", "google_address": "King Abdul Aziz Rd, Jazan 82941, Saudi Arabia", "place_id": "ChIJv--gBzn_BxYRJDSy2Sxo2TM", "original_short_url": "https://maps.app.goo.gl/nkbnCNJKf9t67Gh66", "google_maps_link": "https://www.google.com/maps?q=16.9719330,42.6164680", "notes": ""}}, {"type": "Feature", "geometry": {"type": "Point", "coordinates": [42.5389842, 16.954885]}, "properties": {"row": 51, "station_number": "JA069", "city": "جازان", "station_name": "كورنيش جيزان", "operational_status": "Operation", "coords_source": "google_place", "google_place_name": "محطة درب", "google_address": "Corniche Rd, Ash Shati, Jazan 82810, Saudi Arabia", "place_id": "ChIJn86FVAAHCBYRq2TMUrmHJ7Y", "original_short_url": "https://maps.app.goo.gl/yRaMgmjKChpZ4NH99", "google_maps_link": "https://www.google.com/maps?q=16.9548850,42.5389842", "notes": ""}}, {"type": "Feature", "geometry": {"type": "Point", "coordinates": [42.6113902, 16.9610914]}, "properties": {"row": 52, "station_number": "JA056", "city": "جازان", "station_name": "الروابي-المودة", "operational_status": "Operation", "coords_source": "google_place", "google_place_name": "محطة درب", "google_address": "King Abdul Aziz Rd, طريق, Jazan 82837, Saudi Arabia", "place_id": "ChIJNbSnoHb9BxYRz5B6Q_J4ajA", "original_short_url": "https://maps.app.goo.gl/QL286Svw39DmRHTe8", "google_maps_link": "https://www.google.com/maps?q=16.9610914,42.6113902", "notes": ""}}, {"type": "Feature", "geometry": {"type": "Point", "coordinates": [43.0453769, 17.0190862]}, "properties": {"row": 53, "station_number": "JA227", "city": "جازان", "station_name": "العارضة", "operational_status": "Franchises", "coords_source": "google_place", "google_place_name": "محطة درب", "google_address": "Al Aridhah 83215, Saudi Arabia", "place_id": "ChIJ62mnla17_RURXsHnKy4KiZs", "original_short_url": "https://maps.app.goo.gl/gSK5jaYLnJE9NAqSA", "google_maps_link": "https://www.google.com/maps?q=17.0190862,43.0453769", "notes": ""}}, {"type": "Feature", "geometry": {"type": "Point", "coordinates": [42.5842456, 20.0456609]}, "properties": {"row": 54, "station_number": "JA272", "city": "جازان", "station_name": "مسارات درب الزامل", "operational_status": "Franchises", "coords_source": "google_place", "google_place_name": "محطة درب", "google_address": "Alfaisaliyah, Bisha 67715, Saudi Arabia", "place_id": "ChIJa28VvB4r8BURKPmXICEkyZ8", "original_short_url": "https://maps.app.goo.gl/5GtVhpuqwqN9tpKp9", "google_maps_link": "https://www.google.com/maps?q=20.0456609,42.5842456", "notes": "تنبيه: الموقع يبعد ~349 كم عن جازان — تحقق من صحة الرابط في الجدول"}}, {"type": "Feature", "geometry": {"type": "Point", "coordinates": [42.9554266, 16.7004001]}, "properties": {"row": 55, "station_number": "JA092", "city": "جازان", "station_name": "الصفا-محمد بن ناصر+ احد المسارحه", "operational_status": "Franchises", "coords_source": "google_place", "google_place_name": "محطة درب", "google_address": "3417 King Abdullah Rd, Al Baladiah, GSPB6318, 6318, Ahad Al Masarihah Saudi Arabia", "place_id": "ChIJXZHtbqaXBxYRXesSh7qw7eQ", "original_short_url": "https://maps.app.goo.gl/WzGhdq43qgNmc4oRA", "google_maps_link": "https://www.google.com/maps?q=16.7004001,42.9554266", "notes": ""}}, {"type": "Feature", "geometry": {"type": "Point", "coordinates": [42.1244745, 16.6926298]}, "properties": {"row": 56, "station_number": "JA302", "city": "جازان", "station_name": "ركن جاز الفرسان", "operational_status": "Franchises", "coords_source": "google_place", "google_place_name": "محطة درب", "google_address": "الحي الجنوبي, Farasan Island 88238, Saudi Arabia", "place_id": "ChIJq6wyCrJbCBYRCSlNHX3PGTQ", "original_short_url": "https://maps.app.goo.gl/TwaaBw3XssNaPeYVA", "google_maps_link": "https://www.google.com/maps?q=16.6926298,42.1244745", "notes": ""}}, {"type": "Feature", "geometry": {"type": "Point", "coordinates": [42.6329913, 17.5687418]}, "properties": {"row": 57, "station_number": "JA256", "city": "جازان", "station_name": "ركن جاز الفطيحة", "operational_status": "Franchises", "coords_source": "google_place", "google_place_name": "محطة درب", "google_address": "HJ9M+P97, Al Fatiha 87472, Saudi Arabia", "place_id": "ChIJdY_pf1wv_RURM8Ksz2_2iWk", "original_short_url": "https://maps.app.goo.gl/XxckHc1WLygaHyME6", "google_maps_link": "https://www.google.com/maps?q=17.5687418,42.6329913", "notes": ""}}, {"type": "Feature", "geometry": {"type": "Point", "coordinates": [42.9411982, 16.7245739]}, "properties": {"row": 58, "station_number": "JA041", "city": "جازان", "station_name": "القسوم-احد المسارحه", "operational_status": "Operation", "coords_source": "google_place", "google_place_name": "محطة درب", "google_address": "2567 King Abdullah Rd, Al Mantiqah Al Sinaiah, GTMB6693, 6693, Ahad Al Masarihah 86631, Saudi Arabia", "place_id": "ChIJz7ub53iVBxYR4Q36XyJISqY", "original_short_url": "https://maps.app.goo.gl/e5SFPqYQrZWVuMtN9", "google_maps_link": "https://www.google.com/maps?q=16.7245739,42.9411982", "notes": ""}}, {"type": "Feature", "geometry": {"type": "Point", "coordinates": [42.9507329, 17.2382816]}, "properties": {"row": 59, "station_number": "JA156", "city": "جازان", "station_name": "ركن جاز  العيدابي - لتركو", "operational_status": "Franchises", "coords_source": "google_place", "google_place_name": "محطة درب", "google_address": "Al Edabi 85744, Saudi Arabia", "place_id": "ChIJn0SYZ-dt_RURxp8h_3f1Jv4", "original_short_url": "https://maps.app.goo.gl/tv3zv7sCCcMaNgK86", "google_maps_link": "https://www.google.com/maps?q=17.2382816,42.9507329", "notes": ""}}, {"type": "Feature", "geometry": {"type": "Point", "coordinates": [42.67672, 17.529936]}, "properties": {"row": 60, "station_number": "JA207", "city": "جازان", "station_name": "الطالبي - الحقو", "operational_status": "Franchises", "coords_source": "dropped_pin", "google_place_name": "", "google_address": "", "place_id": "", "original_short_url": "https://maps.app.goo.gl/nwaLBc8ufwoSD66fA", "google_maps_link": "https://www.google.com/maps?q=17.5299360,42.6767200", "notes": ""}}, {"type": "Feature", "geometry": {"type": "Point", "coordinates": [42.6231405, 17.1575529]}, "properties": {"row": 61, "station_number": "JA348", "city": "جازان", "station_name": "صبيا  / جازان", "operational_status": "Franchises", "coords_source": "google_place", "google_place_name": "محطة درب", "google_address": "King Fahd Rd, Aziziyah, Sabya 85297, Saudi Arabia", "place_id": "ChIJb35DSQBT_RURnWZn2iHKLMM", "original_short_url": "https://maps.app.goo.gl/6zGnZoExbhnRshTFA", "google_maps_link": "https://www.google.com/maps?q=17.1575529,42.6231405", "notes": ""}}, {"type": "Feature", "geometry": {"type": "Point", "coordinates": [47.2821616, 24.1410803]}, "properties": {"row": 62, "station_number": "RY024", "city": "الخرج", "station_name": "غرناطة - الخرج طريق الملك عبد الله", "operational_status": "Operation", "coords_source": "google_place", "google_place_name": "محطة درب", "google_address": "6714 King Abdullah Road, Al Khuzama, 2688, Al-Kharj 16272, Saudi Arabia", "place_id": "ChIJlSQG3TdFJT4RtaX9Ntdx3Zc", "original_short_url": "https://maps.app.goo.gl/pbkZubjPkrJmFh2u7", "google_maps_link": "https://www.google.com/maps?q=24.1410803,47.2821616", "notes": ""}}, {"type": "Feature", "geometry": {"type": "Point", "coordinates": [47.3110583, 24.1607766]}, "properties": {"row": 63, "station_number": "RY025", "city": "الخرج", "station_name": "الحمرا - الخرج طريق الملك عبد الله", "operational_status": "Operation", "coords_source": "google_place", "google_place_name": "محطة درب", "google_address": "ابن جرير التنوخي, حي الحمراء, Al-Kharj 16278, Saudi Arabia", "place_id": "ChIJT7uFyE5PJT4RWQ12kkkZSCA", "original_short_url": "https://maps.app.goo.gl/1BzRfUHenBam4M957", "google_maps_link": "https://www.google.com/maps?q=24.1607766,47.3110583", "notes": ""}}, {"type": "Feature", "geometry": {"type": "Point", "coordinates": [47.2766875, 24.1925625]}, "properties": {"row": 64, "station_number": "RY042", "city": "الخرج", "station_name": "الناصفة", "operational_status": "Operation", "coords_source": "google_place", "google_place_name": "محطة درب", "google_address": "57VG+2MG, An Nasifah, Al-Kharj 16282, Saudi Arabia", "place_id": "ChIJMVMpIkFbJT4RDN1YJuPoBnM", "original_short_url": "https://maps.app.goo.gl/Fe8EWjcMV9zZaWLX9", "google_maps_link": "https://www.google.com/maps?q=24.1925625,47.2766875", "notes": ""}}, {"type": "Feature", "geometry": {"type": "Point", "coordinates": [41.4955625, 20.0399375]}, "properties": {"row": 65, "station_number": "BH065", "city": "الباحة", "station_name": "النزهه", "operational_status": "Franchises", "coords_source": "google_place", "google_place_name": "محطة درب", "google_address": "Alnuzhah, Al Bahah 65711, Saudi Arabia", "place_id": "ChIJpWTJXMpH7xUR8WM6r48F3vc", "original_short_url": "https://maps.app.goo.gl/y8NbK4HXY8zziktK6", "google_maps_link": "https://www.google.com/maps?q=20.0399375,41.4955625", "notes": ""}}, {"type": "Feature", "geometry": {"type": "Point", "coordinates": [42.754308, 18.30786]}, "properties": {"row": 67, "station_number": "AS081", "city": "عسير", "station_name": "العزيزيه", "operational_status": "Franchises", "coords_source": "google_place", "google_place_name": "محطة درب", "google_address": "King Fahd Rd, Al'aziziyah, Khamis Mushait 62462, Saudi Arabia", "place_id": "ChIJU6XLCyhb-xUREJolmk_CvIw", "original_short_url": "https://maps.app.goo.gl/rZbxrE8ah2viPrbo8", "google_maps_link": "https://www.google.com/maps?q=18.3078600,42.7543080", "notes": ""}}, {"type": "Feature", "geometry": {"type": "Point", "coordinates": [42.8797486, 18.81064]}, "properties": {"row": 68, "station_number": "As085", "city": "عسير", "station_name": "خيبر بيشة", "operational_status": "Franchises", "coords_source": "google_place", "google_place_name": "محطة درب", "google_address": "طريق بيشة, العام, Khaiber Al-Janoub 62685, Saudi Arabia", "place_id": "ChIJVzaCPHnh-hURGMv9xZ9mycU", "original_short_url": "https://maps.app.goo.gl/BLQW15tfJicdR6pw7", "google_maps_link": "https://www.google.com/maps?q=18.8106400,42.8797486", "notes": ""}}, {"type": "Feature", "geometry": {"type": "Point", "coordinates": [42.474229, 18.4276126]}, "properties": {"row": 69, "station_number": "AS271", "city": "عسير", "station_name": "مسارات درب عقبة شعار", "operational_status": "Franchises", "coords_source": "google_place", "google_place_name": "محطة درب", "google_address": "طريق الملك فيصل بن عبدالعزيز، حي شعار, ابها Saudi Arabia", "place_id": "ChIJQeU6w6it5BURuInLdyS69oU", "original_short_url": "https://maps.app.goo.gl/ojEhupJ43gt1t4ya7", "google_maps_link": "https://www.google.com/maps?q=18.4276126,42.4742290", "notes": ""}}, {"type": "Feature", "geometry": {"type": "Point", "coordinates": [42.0425775, 18.5569739]}, "properties": {"row": 70, "station_number": "AS153", "city": "عسير", "station_name": "محطة مدخل محايل", "operational_status": "Operation", "coords_source": "dropped_pin", "google_place_name": "", "google_address": "", "place_id": "", "original_short_url": "https://maps.app.goo.gl/AQpXHJgg5NFXkJ9E8", "google_maps_link": "https://www.google.com/maps?q=18.5569739,42.0425775", "notes": ""}}, {"type": "Feature", "geometry": {"type": "Point", "coordinates": [46.7071266, 24.7869847]}, "properties": {"row": 71, "station_number": "RY075", "city": "الرياض", "station_name": "الدايري الشمالي", "operational_status": "Operation", "coords_source": "google_place", "google_place_name": "محطة درب", "google_address": "Northern Ring Rd, Al Falah, Riyadh 13314, Saudi Arabia", "place_id": "ChIJjQdh4qP9Lj4RuKC_ZDPzJxw", "original_short_url": "https://maps.app.goo.gl/5v2jRyYf2f5AxTJM6", "google_maps_link": "https://www.google.com/maps?q=24.7869847,46.7071266", "notes": ""}}, {"type": "Feature", "geometry": {"type": "Point", "coordinates": [46.5705565, 24.5520662]}, "properties": {"row": 72, "station_number": "RY106", "city": "الرياض", "station_name": "نجم الدين الايوبي - طويق", "operational_status": "Franchises", "coords_source": "google_place", "google_place_name": "محطة درب", "google_address": "Najm Al Din Al Ayoubi, Tuwaiq, Riyadh 14936, Saudi Arabia", "place_id": "ChIJObCVyCwXLz4R4T_mLOMi36g", "original_short_url": "https://maps.app.goo.gl/KSDGQreydiMmc4FW6", "google_maps_link": "https://www.google.com/maps?q=24.5520662,46.5705565", "notes": ""}}, {"type": "Feature", "geometry": {"type": "Point", "coordinates": [50.05348, 26.57409]}, "properties": {"row": 73, "station_number": "EP102", "city": "الشرقية", "station_name": "شارع أحد تاروت-القطيف", "operational_status": "Franchises", "coords_source": "google_place", "google_place_name": "محطة درب", "google_address": "Uhud Rd, Al Manakh, Tarout 32615, Saudi Arabia", "place_id": "ChIJ8fH9UAABSj4RBmMGfbCO7OU", "original_short_url": "https://maps.app.goo.gl/UXhZuXqHExhzERuP7", "google_maps_link": "https://www.google.com/maps?q=26.5740900,50.0534800", "notes": ""}}, {"type": "Feature", "geometry": {"type": "Point", "coordinates": [50.160056, 26.142104]}, "properties": {"row": 74, "station_number": "EP051", "city": "الشرقية", "station_name": "كورنيش الخبر", "operational_status": "Operation", "coords_source": "google_place", "google_place_name": "محطة درب", "google_address": "King Fahd Road, Al Amwaj, Al Khobar 34751, Saudi Arabia", "place_id": "ChIJt2lW9bDbST4RE3qftnqWpkU", "original_short_url": "https://maps.app.goo.gl/A1qfBqxnAwN7WsX1A", "google_maps_link": "https://www.google.com/maps?q=26.1421040,50.1600560", "notes": ""}}, {"type": "Feature", "geometry": {"type": "Point", "coordinates": [41.66173, 27.4692337]}, "properties": {"row": 75, "station_number": "HA043", "city": "حائل", "station_name": "العريفي", "operational_status": "Operation", "coords_source": "google_place", "google_place_name": "محطة درب", "google_address": "HAGB7488، فهد العلى العريفي, 7488, Hail 55433, Saudi Arabia", "place_id": "ChIJgwnzLgA_dhUR46EWcxBrOTs", "original_short_url": "https://maps.app.goo.gl/1gPTmdTse4b95yqs7", "google_maps_link": "https://www.google.com/maps?q=27.4692337,41.6617300", "notes": ""}}, {"type": "Feature", "geometry": {"type": "Point", "coordinates": [44.0563043, 26.335151]}, "properties": {"row": 76, "station_number": "QS055", "city": "القصيم", "station_name": "الدائري الشرقي", "operational_status": "Operation", "coords_source": "google_place", "google_place_name": "محطة درب", "google_address": "83P4+3G, Buraydah 52225, Saudi Arabia", "place_id": "ChIJxxkwYABffxURO0H_Cok0RBU", "original_short_url": "https://maps.app.goo.gl/DZ5Zi4RE4ruQvbks7", "google_maps_link": "https://www.google.com/maps?q=26.3351510,44.0563043", "notes": ""}}, {"type": "Feature", "geometry": {"type": "Point", "coordinates": [38.0871288, 24.1007373]}, "properties": {"row": 77, "station_number": "MD224", "city": "المدينة المنورة", "station_name": "محطة الجمعية العربية", "operational_status": "Franchises", "coords_source": "dropped_pin", "google_place_name": "", "google_address": "", "place_id": "", "original_short_url": "https://maps.app.goo.gl/A6WV24sPNmREVdth8", "google_maps_link": "https://www.google.com/maps?q=24.1007373,38.0871288", "notes": ""}}, {"type": "Feature", "geometry": {"type": "Point", "coordinates": [39.5073193, 24.4901987]}, "properties": {"row": 78, "station_number": "MD009", "city": "المدينة المنورة", "station_name": "طريق السلام", "operational_status": "Franchises", "coords_source": "google_place", "google_place_name": "محطة درب", "google_address": "4155 طريق السلام الفرعي، As Salam, DMMA6222، 6222, Madinah 42356, Saudi Arabia", "place_id": "ChIJj70xFQC5vRURgXYDeK5EV0I", "original_short_url": "https://maps.app.goo.gl/5WCGyZi9UzE63qig9", "google_maps_link": "https://www.google.com/maps?q=24.4901987,39.5073193", "notes": ""}}, {"type": "Feature", "geometry": {"type": "Point", "coordinates": [45.982083, 28.4010653]}, "properties": {"row": 79, "station_number": "EP134", "city": "حفر الباطن", "station_name": "فيو الواحة", "operational_status": "Franchises", "coords_source": "google_place", "google_place_name": "محطة درب", "google_address": "طريق فيصل بن عبدالعزيز, Al Wahah, Hafar Al Batin 39913, Saudi Arabia", "place_id": "ChIJXfjyFgA51z8RAtLpqQUsGAI", "original_short_url": "https://maps.app.goo.gl/ubE5wRvRAWtqw3Ya6", "google_maps_link": "https://www.google.com/maps?q=28.4010653,45.9820830", "notes": ""}}, {"type": "Feature", "geometry": {"type": "Point", "coordinates": [38.6864162, 31.6524837]}, "properties": {"row": 80, "station_number": "NP130", "city": "طريف", "station_name": "العقيلي -طريق الامير سلطان", "operational_status": "Franchises", "coords_source": "google_place", "google_place_name": "محطة درب", "google_address": "طريق سلطان بن عبدالعزيز, Al Wurud, Turaif 75312, Saudi Arabia", "place_id": "ChIJeUVFfa7fExURYTYaqflXGo0", "original_short_url": "https://maps.app.goo.gl/JQGwPNxVayJDSy6J8", "google_maps_link": "https://www.google.com/maps?q=31.6524837,38.6864162", "notes": ""}}, {"type": "Feature", "geometry": {"type": "Point", "coordinates": [38.6918638, 31.6734363]}, "properties": {"row": 81, "station_number": "NP131", "city": "طريف", "station_name": "العقيلي- طريق ابو بكر", "operational_status": "Franchises", "coords_source": "google_place", "google_place_name": "محطه درب", "google_address": "حي الورود، 3431 شارع ابو بكر الصديق SCJA3431 8568, Turaif 75312, Saudi Arabia", "place_id": "ChIJf0V-KgDhExUR8-2KqfimLaQ", "original_short_url": "https://maps.app.goo.gl/7U6C52p9whh4TQRNA", "google_maps_link": "https://www.google.com/maps?q=31.6734363,38.6918638", "notes": ""}}, {"type": "Feature", "geometry": {"type": "Point", "coordinates": [44.3246094, 17.5297165]}, "properties": {"row": 82, "station_number": "NJ219", "city": "نجران", "station_name": "المركب", "operational_status": "Operation", "coords_source": "google_place", "google_place_name": "محطة درب", "google_address": "شارع المركب, Najran 66247, Saudi Arabia", "place_id": "ChIJP4_q2Lvf_hURLUqobQf90hA", "original_short_url": "https://maps.app.goo.gl/mh5i4Y4xRfk8Qia69", "google_maps_link": "https://www.google.com/maps?q=17.5297165,44.3246094", "notes": ""}}, {"type": "Feature", "geometry": {"type": "Point", "coordinates": [46.6585284, 24.6003399]}, "properties": {"row": 83, "station_number": "RY201", "city": "الرياض", "station_name": "نبض- طنجة ظهرة البديعة", "operational_status": "Franchises", "coords_source": "google_place", "google_place_name": "محطة درب", "google_address": "الخير, Riyadh 12782, Saudi Arabia", "place_id": "ChIJuev0-h0bLz4RMAYZJwWatBA", "original_short_url": "https://maps.app.goo.gl/FbEPSpHdT13bC1rW7", "google_maps_link": "https://www.google.com/maps?q=24.6003399,46.6585284", "notes": ""}}, {"type": "Feature", "geometry": {"type": "Point", "coordinates": [42.6548026, 17.1153071]}, "properties": {"row": 84, "station_number": "JA070", "city": "جازان", "station_name": "درب الجنوب الاولي - بندر عبده محمد الوائلي الظبية", "operational_status": "Franchises", "coords_source": "google_place", "google_place_name": "محطة درب", "google_address": "GBSC6680, 6680 King Abdul Aziz Rd, 4148, صبيا 85289, Saudi Arabia", "place_id": "ChIJJyxYobNR_RURJHcGe_iTFh8", "original_short_url": "https://maps.app.goo.gl/5H5BvhtmFHcafDEq9", "google_maps_link": "https://www.google.com/maps?q=17.1153071,42.6548026", "notes": ""}}, {"type": "Feature", "geometry": {"type": "Point", "coordinates": [42.714924, 18.377249]}, "properties": {"row": 85, "station_number": "AS192", "city": "خميس مشيط", "station_name": "محطه الرؤيا-وادي هشبل", "operational_status": "Operation", "coords_source": "google_place", "google_place_name": "محطة درب", "google_address": "وادي بن هشبل, Khamis Mushait 62486, Saudi Arabia", "place_id": "ChIJ3QaJu0Fb-xURYOoKwlrOAC8", "original_short_url": "https://maps.app.goo.gl/jD5fQtzszsLJiPnWA", "google_maps_link": "https://www.google.com/maps?q=18.3772490,42.7149240", "notes": ""}}, {"type": "Feature", "geometry": {"type": "Point", "coordinates": [41.9278125, 18.5234375]}, "properties": {"row": 86, "station_number": "AS286", "city": "محايل عسير", "station_name": "صناعية محائل", "operational_status": "Operation", "coords_source": "google_place", "google_place_name": "محطة درب", "google_address": "GWFH+94J مجزوعة, محايل 63687, Saudi Arabia", "place_id": "ChIJDUvI7SKH5BURS_6PfpAa34w", "original_short_url": "https://maps.app.goo.gl/kS47kDuZtF4qk3Ph7", "google_maps_link": "https://www.google.com/maps?q=18.5234375,41.9278125", "notes": ""}}, {"type": "Feature", "geometry": {"type": "Point", "coordinates": [42.8550606, 23.0448112]}, "properties": {"row": 87, "station_number": "RY083", "city": "الرياض", "station_name": "الحوميات", "operational_status": "Franchises", "coords_source": "google_place", "google_place_name": "Naba Gas station", "google_address": "2VV4+W2F, Al Humiyat 17986, Saudi Arabia", "place_id": "ChIJSbXvJarhjRURwEt714XHoLk", "original_short_url": "https://maps.app.goo.gl/2iNRZpWjhRHtJ8TEA", "google_maps_link": "https://www.google.com/maps?q=23.0448112,42.8550606", "notes": "تنبيه: الموقع يبعد ~430 كم عن الرياض — تحقق من صحة الرابط في الجدول"}}, {"type": "Feature", "geometry": {"type": "Point", "coordinates": [42.5945625, 19.9286875]}, "properties": {"row": 88, "station_number": "JA141", "city": "جازان", "station_name": "الأمير سلطان-بيش", "operational_status": "Operation", "coords_source": "google_place", "google_place_name": "محطة درب", "google_address": "WHHV+FRX, Alamir Sultan, Bisha 67721, Saudi Arabia", "place_id": "ChIJq_S5vzAn8BURnx4cpWmAwkk", "original_short_url": "https://maps.app.goo.gl/iTzJgvNgfxL969Xa8", "google_maps_link": "https://www.google.com/maps?q=19.9286875,42.5945625", "notes": "تنبيه: الموقع يبعد ~336 كم عن جازان — تحقق من صحة الرابط في الجدول"}}, {"type": "Feature", "geometry": {"type": "Point", "coordinates": [39.197905, 21.503793]}, "properties": {"row": 89, "station_number": "MK228", "city": "جدة", "station_name": "جدةالملك خالد - دلهام", "operational_status": "Operation", "coords_source": "google_place", "google_place_name": "محطة درب", "google_address": "King Khalid Road, Al-Baghdadiyah Al-Sharqiyah, Jeddah 22241, Saudi Arabia", "place_id": "ChIJ2QwTMBjPwxURRCGgR4ud2ig", "original_short_url": "https://maps.app.goo.gl/pGvA6WHAnEDG6qYKA", "google_maps_link": "https://www.google.com/maps?q=21.5037930,39.1979050", "notes": ""}}, {"type": "Feature", "geometry": {"type": "Point", "coordinates": [39.1205061, 21.6048353]}, "properties": {"row": 90, "station_number": "MK310", "city": "جدة", "station_name": "الشاطئ-طريق الملك", "operational_status": "Operation", "coords_source": "google_place", "google_place_name": "محطة درب", "google_address": "حي, King Abdulaziz Branch Rd, Ash Shati, Jeddah 23513, Saudi Arabia", "place_id": "ChIJH-dMdgrZwxURC9VKcpiX0dE", "original_short_url": "https://maps.app.goo.gl/PXRFijP57wDhWmsv5", "google_maps_link": "https://www.google.com/maps?q=21.6048353,39.1205061", "notes": ""}}, {"type": "Feature", "geometry": {"type": "Point", "coordinates": [39.1533304, 21.5630333]}, "properties": {"row": 91, "station_number": "MK040", "city": "جدة", "station_name": "درب - الروضة", "operational_status": "Operation", "coords_source": "google_place", "google_place_name": "محطة درب", "google_address": "Abdallah Al Khouraiji, Ar Rawdah, Jeddah 23433, Saudi Arabia", "place_id": "ChIJg0-ltivbwxURnTgXRU6Rddg", "original_short_url": "https://maps.app.goo.gl/XQuDdN89iQwuypcu8", "google_maps_link": "https://www.google.com/maps?q=21.5630333,39.1533304", "notes": ""}}, {"type": "Feature", "geometry": {"type": "Point", "coordinates": [42.5678125, 16.9681875]}, "properties": {"row": 92, "station_number": "JA059", "city": "جازان", "station_name": "طريق الملك فهد جازان", "operational_status": "Operation", "coords_source": "google_place", "google_place_name": "محطة درب", "google_address": "Ar Rawabi, Jazan 82921, Saudi Arabia", "place_id": "ChIJP7xOSAD9BxYRVF415oiZJeQ", "original_short_url": "https://maps.app.goo.gl/KFJDV4K6ES5Lc99t8", "google_maps_link": "https://www.google.com/maps?q=16.9681875,42.5678125", "notes": ""}}, {"type": "Feature", "geometry": {"type": "Point", "coordinates": [40.4366171, 21.331934]}, "properties": {"row": 93, "station_number": "MK027", "city": "الطائف", "station_name": "الصيانة-طريق المطار", "operational_status": "Operation", "coords_source": "google_place", "google_place_name": "محطة درب", "google_address": "3776 Airport Rd, Alqayam Al Aala, Taif 26561, Saudi Arabia", "place_id": "ChIJJZ0qLwCJ6RURaLL2XoBn7mU", "original_short_url": "https://maps.app.goo.gl/VqaUChF4kZ61kKyT8", "google_maps_link": "https://www.google.com/maps?q=21.3319340,40.4366171", "notes": ""}}, {"type": "Feature", "geometry": {"type": "Point", "coordinates": [39.1878715, 21.6123076]}, "properties": {"row": 94, "station_number": "MK205", "city": "جدة", "station_name": "نقز - الربوة", "operational_status": "Franchises", "coords_source": "google_place", "google_place_name": "محطة درب", "google_address": "طريق الأمير ماجد, Ar Rabwah, Jeddah 23535, Saudi Arabia", "place_id": "ChIJPfabaQ3RwxURHPjghQOYRj8", "original_short_url": "https://maps.app.goo.gl/CCLQLgVhi8K17gAs6", "google_maps_link": "https://www.google.com/maps?q=21.6123076,39.1878715", "notes": ""}}, {"type": "Feature", "geometry": {"type": "Point", "coordinates": [40.3789364, 21.2285634]}, "properties": {"row": 95, "station_number": "MK021", "city": "الطائف", "station_name": "الوسام", "operational_status": "Operation", "coords_source": "google_place", "google_place_name": "محطة درب", "google_address": "7589 يونس بن عمر, Akhbab, TIAA5719، 5719, Taif 26711, Saudi Arabia", "place_id": "ChIJgylpn3eN6RURVV6Pz3FFYx4", "original_short_url": "https://maps.app.goo.gl/QJ1f1S5uDwjnJqpS7", "google_maps_link": "https://www.google.com/maps?q=21.2285634,40.3789364", "notes": ""}}, {"type": "Feature", "geometry": {"type": "Point", "coordinates": [39.0528576, 21.8617263]}, "properties": {"row": 96, "station_number": "MK161", "city": "جدة", "station_name": "الحزم", "operational_status": "Franchises", "coords_source": "google_place", "google_place_name": "محطة درب", "google_address": "الحمادي, جدة 23847, Saudi Arabia", "place_id": "ChIJyaw9ehZnwRURwDh3xH8i-Z4", "original_short_url": "https://maps.app.goo.gl/GcvQP8juzDvv9fCH7", "google_maps_link": "https://www.google.com/maps?q=21.8617263,39.0528576", "notes": ""}}, {"type": "Feature", "geometry": {"type": "Point", "coordinates": [39.5685883, 24.4250945]}, "properties": {"row": 97, "station_number": "MD096", "city": "المدينة المنورة", "station_name": "الهجرة", "operational_status": "Operation", "coords_source": "google_place", "google_place_name": "محطة درب", "google_address": "Al Hijrah Rd, Dhul Hulaifah, Madinah 42393, Saudi Arabia", "place_id": "ChIJa5fthfbHvRURfHSHxRUPHbo", "original_short_url": "https://maps.app.goo.gl/iswGWRoA42eBjot98", "google_maps_link": "https://www.google.com/maps?q=24.4250945,39.5685883", "notes": ""}}, {"type": "Feature", "geometry": {"type": "Point", "coordinates": [41.1009375, 19.1214375]}, "properties": {"row": 98, "station_number": "MK044", "city": "مكة", "station_name": "القنفذة", "operational_status": "Operation", "coords_source": "google_place", "google_place_name": "محطة درب", "google_address": "44C2+H9X, Al Qunfudhah 28822, Saudi Arabia", "place_id": "ChIJtVjhdgSR5hURFlqPn7g0c70", "original_short_url": "https://maps.app.goo.gl/zneq4Suk6S6HuhaWA", "google_maps_link": "https://www.google.com/maps?q=19.1214375,41.1009375", "notes": "تنبيه: الموقع يبعد ~287 كم عن مكة — تحقق من صحة الرابط في الجدول"}}, {"type": "Feature", "geometry": {"type": "Point", "coordinates": [39.1534145, 21.7924585]}, "properties": {"row": 99, "station_number": "MK012", "city": "جدة", "station_name": "طيبه", "operational_status": "Franchises", "coords_source": "google_place", "google_place_name": "محطة درب", "google_address": "alrayan, Taibah near, Jeddah Saudi Arabia", "place_id": "ChIJvQEHXPNlwRURcKqF853Adbk", "original_short_url": "https://maps.app.goo.gl/ocMcjELBvQdNUxv66", "google_maps_link": "https://www.google.com/maps?q=21.7924585,39.1534145", "notes": ""}}, {"type": "Feature", "geometry": {"type": "Point", "coordinates": [39.192485, 22.396501]}, "properties": {"row": 100, "station_number": "MK045", "city": "المدينة المنورة", "station_name": "مدينة الملك عبد الله-رابغ", "operational_status": "Operation", "coords_source": "google_place", "google_place_name": "محطة درب", "google_address": "95VV+GR, King Abdullah Economic City 25772, Saudi Arabia", "place_id": "ChIJNR4pOQD9wBURhYAUO7GoxSg", "original_short_url": "https://maps.app.goo.gl/joisDrohwu97AFSq5", "google_maps_link": "https://www.google.com/maps?q=22.3965010,39.1924850", "notes": "تنبيه: الموقع يبعد ~234 كم عن المدينة المنورة — تحقق من صحة الرابط في الجدول"}}, {"type": "Feature", "geometry": {"type": "Point", "coordinates": [39.2949042, 21.428833]}, "properties": {"row": 101, "station_number": "MK066", "city": "جدة", "station_name": "الأمير فواز", "operational_status": "Operation", "coords_source": "google_place", "google_place_name": "محطة درب", "google_address": "2433، 7919 حي, Al Amir Fawwaz Al Junoobi, Jeddah 22441, Saudi Arabia", "place_id": "ChIJaS7pLwDNwxUROoL7KNMg0Zg", "original_short_url": "https://maps.app.goo.gl/p9fUyjYxet1CxAho7", "google_maps_link": "https://www.google.com/maps?q=21.4288330,39.2949042", "notes": ""}}, {"type": "Feature", "geometry": {"type": "Point", "coordinates": [46.8012889, 24.6883368]}, "properties": {"row": 102, "station_number": "RY105", "city": "الرياض", "station_name": "طريق الأمير سعد", "operational_status": "Franchises", "coords_source": "google_place", "google_place_name": "محطة درب", "google_address": "الرياض الامير سعد, Al Fayha, Riyadh 14253, Saudi Arabia", "place_id": "ChIJSRqDfQAHLz4RZJytwj6Ksxs", "original_short_url": "https://maps.app.goo.gl/o15xCcg7CGxugHLE7", "google_maps_link": "https://www.google.com/maps?q=24.6883368,46.8012889", "notes": ""}}, {"type": "Feature", "geometry": {"type": "Point", "coordinates": [39.1984673, 21.7594649]}, "properties": {"row": 103, "station_number": "MK326", "city": "جدة", "station_name": "محطة الحمدانية", "operational_status": "Operation", "coords_source": "google_place", "google_place_name": "محطة درب", "google_address": "شارع الحمدانية, Al Hamadaniyyah, Jeddah 23761, Saudi Arabia", "place_id": "ChIJGT_T5rR9wRURNJfcYhgMV5M", "original_short_url": "https://maps.app.goo.gl/MaBHHa4rns52j3i78", "google_maps_link": "https://www.google.com/maps?q=21.7594649,39.1984673", "notes": ""}}, {"type": "Feature", "geometry": {"type": "Point", "coordinates": [39.7908805, 21.3707043]}, "properties": {"row": 104, "station_number": "MK013", "city": "مكة", "station_name": "بن العباس_الشوقية", "operational_status": "Operation", "coords_source": "google_place", "google_place_name": "محطة درب", "google_address": "شارع عبدالله بن عباس, Al Shoqiyah, Makkah 24353, Saudi Arabia", "place_id": "ChIJP--bWAAbwhUR94HIobBkuAQ", "original_short_url": "https://maps.app.goo.gl/shFeNsWTdu3RhLVR6", "google_maps_link": "https://www.google.com/maps?q=21.3707043,39.7908805", "notes": ""}}, {"type": "Feature", "geometry": {"type": "Point", "coordinates": [39.2468125, 21.3179375]}, "properties": {"row": 105, "station_number": "MK285", "city": "جدة", "station_name": "القرينية", "operational_status": "Franchises", "coords_source": "google_place", "google_place_name": "محطة درب", "google_address": "Al Qryniah, Jeddah 22535, Saudi Arabia", "place_id": "ChIJj7RPNwC1wxURATAFVvS8nWo", "original_short_url": "https://maps.app.goo.gl/8pPoFyUoP6WFp77Z9", "google_maps_link": "https://www.google.com/maps?q=21.3179375,39.2468125", "notes": ""}}, {"type": "Feature", "geometry": {"type": "Point", "coordinates": [39.0591875, 21.8208125]}, "properties": {"row": 106, "station_number": "MK260", "city": "جدة", "station_name": "ابحر الشمالية-الزمرد", "operational_status": "Operation", "coords_source": "google_place", "google_place_name": "محطة درب", "google_address": "R3C5+8M4, الزمرد, Jeddah 23827, Saudi Arabia", "place_id": "ChIJL0V7MStnwRUR0mSq-YTa0X8", "original_short_url": "https://maps.app.goo.gl/VbuPbwAurYRhWwvq8", "google_maps_link": "https://www.google.com/maps?q=21.8208125,39.0591875", "notes": ""}}, {"type": "Feature", "geometry": {"type": "Point", "coordinates": [40.0007158, 21.4680617]}, "properties": {"row": 107, "station_number": "MK037", "city": "مكة", "station_name": "الراشدية", "operational_status": "Operation", "coords_source": "google_place", "google_place_name": "محطة درب", "google_address": "Arafat Ash Sharaiyaa Rd, Ar Rashidiyyah, Makkah 24274, Saudi Arabia", "place_id": "ChIJKYs7ugUB6hURrSrF-irBsjw", "original_short_url": "https://maps.app.goo.gl/jqwDg3R2rnAJ2nh7A", "google_maps_link": "https://www.google.com/maps?q=21.4680617,40.0007158", "notes": ""}}, {"type": "Feature", "geometry": {"type": "Point", "coordinates": [41.3582562, 20.2791514]}, "properties": {"row": 108, "station_number": "BH050", "city": "الباحة", "station_name": "الاطاولة", "operational_status": "Operation", "coords_source": "google_place", "google_place_name": "محطة درب", "google_address": "79H5+J8V, Al Atawilah 65793, Saudi Arabia", "place_id": "ChIJNdtuqboz7xURmIjrTAqgfzY", "original_short_url": "https://maps.app.goo.gl/otDnU918RuKzYJ9f6", "google_maps_link": "https://www.google.com/maps?q=20.2791514,41.3582562", "notes": ""}}, {"type": "Feature", "geometry": {"type": "Point", "coordinates": [45.9702918, 28.4099365]}, "properties": {"row": 109, "station_number": "EP133", "city": "حفر الباطن", "station_name": "طريق الملك عبدالله", "operational_status": "Franchises", "coords_source": "google_place", "google_place_name": "محطة درب", "google_address": "King Abdullah Rd, Al Baladiyah, Hafar Al Batin 39921, Saudi Arabia", "place_id": "ChIJf0kBdS9B1z8RnkqkpBeHrM8", "original_short_url": "https://maps.app.goo.gl/3sEhE7YJXCb1QYYf9", "google_maps_link": "https://www.google.com/maps?q=28.4099365,45.9702918", "notes": ""}}, {"type": "Feature", "geometry": {"type": "Point", "coordinates": [39.5826962, 24.4655411]}, "properties": {"row": 110, "station_number": "MD123", "city": "المدينة المنورة", "station_name": "محطة بترو بارك - المدينة المنورة", "operational_status": "Franchises", "coords_source": "google_place", "google_place_name": "محطة درب", "google_address": "حي, King Abdullah Branch Rd, Al Wabra, Madinah 42371, Saudi Arabia", "place_id": "ChIJp2K9DVi_vRURZBxykNf-eZE", "original_short_url": "https://maps.app.goo.gl/YrXqZCH252rDfbhy8", "google_maps_link": "https://www.google.com/maps?q=24.4655411,39.5826962", "notes": ""}}, {"type": "Feature", "geometry": {"type": "Point", "coordinates": [39.2611791, 21.6088179]}, "properties": {"row": 111, "station_number": "MK206", "city": "جدة", "station_name": "نقز - الاجواد", "operational_status": "Franchises", "coords_source": "google_place", "google_place_name": "محطة درب", "google_address": "حي, Al Manar, Almustawda'at, Jeddah 23467, Saudi Arabia", "place_id": "ChIJxzdNhG3VwxURtvxO7ZngdtU", "original_short_url": "https://maps.app.goo.gl/vu2xCHcwX9nnQ5Jh8", "google_maps_link": "https://www.google.com/maps?q=21.6088179,39.2611791", "notes": ""}}, {"type": "Feature", "geometry": {"type": "Point", "coordinates": [40.0926308, 21.5182085]}, "properties": {"row": 112, "station_number": "MK080", "city": "مكة", "station_name": "طريق السيل", "operational_status": "Operation", "coords_source": "google_place", "google_place_name": "4452 84 حنين", "google_address": "MUDA4452، 4452 84 حنين، 6170، الشرائع 24473, Saudi Arabia", "place_id": "ChIJ5RmhP4gD6hURtdIe7i384DE", "original_short_url": "https://maps.app.goo.gl/wBSK8LDCyDdtChd86", "google_maps_link": "https://www.google.com/maps?q=21.5182085,40.0926308", "notes": ""}}, {"type": "Feature", "geometry": {"type": "Point", "coordinates": [39.7083916, 21.3166905]}, "properties": {"row": 113, "station_number": "MK164", "city": "مكة", "station_name": "محطة ولي العهد 3", "operational_status": "Franchises", "coords_source": "google_place", "google_place_name": "محطة درب", "google_address": "شارع يزيد بن الأسود, Walyal Ahd Dist., مكة 24568, Saudi Arabia", "place_id": "ChIJ6Zb5l0wXwhURW5WlkbHcu2Q", "original_short_url": "https://maps.app.goo.gl/SYXiLrnChWyw3pbR8", "google_maps_link": "https://www.google.com/maps?q=21.3166905,39.7083916", "notes": ""}}, {"type": "Feature", "geometry": {"type": "Point", "coordinates": [39.5545662, 24.2263793]}, "properties": {"row": 114, "station_number": "MD011", "city": "المدينة المنورة", "station_name": "ابيار", "operational_status": "Operation", "coords_source": "google_place", "google_place_name": "محطة درب", "google_address": "Bi'r al Mashi 42542, Saudi Arabia", "place_id": "ChIJfZ2AmJzbvRURP_KNvWKf7-k", "original_short_url": "https://maps.app.goo.gl/yR9cUq3uG6LjSVnL7", "google_maps_link": "https://www.google.com/maps?q=24.2263793,39.5545662", "notes": ""}}, {"type": "Feature", "geometry": {"type": "Point", "coordinates": [46.4843329, 24.5515252]}, "properties": {"row": 115, "station_number": "RY073", "city": "الرياض", "station_name": "القديه", "operational_status": "Operation", "coords_source": "google_place", "google_place_name": "محطة درب", "google_address": "القدية, Tuwaiq, Riyadh 13795, Saudi Arabia", "place_id": "ChIJl8EMeFUjLz4RdFYzusKjMHE", "original_short_url": "https://maps.app.goo.gl/S28AFcAtZ6iMbsWk6", "google_maps_link": "https://www.google.com/maps?q=24.5515252,46.4843329", "notes": ""}}, {"type": "Feature", "geometry": {"type": "Point", "coordinates": [45.9469864, 28.3002194]}, "properties": {"row": 116, "station_number": "EP074", "city": "حفر الباطن", "station_name": "حي الورود", "operational_status": "Operation", "coords_source": "google_place", "google_place_name": "محطة درب", "google_address": "5090 الورود 26, حي الورود, CMDC7058، 7058, Hafar Al Batin 39821, Saudi Arabia", "place_id": "ChIJn0wRD5Q91z8RkljRJVYD9Ns", "original_short_url": "https://maps.app.goo.gl/d9NNhKSGc7kSHGCt7", "google_maps_link": "https://www.google.com/maps?q=28.3002194,45.9469864", "notes": ""}}, {"type": "Feature", "geometry": {"type": "Point", "coordinates": [38.121863, 24.067558]}, "properties": {"row": 117, "station_number": "MD194", "city": "المدينة المنورة", "station_name": "محطة النواة", "operational_status": "Franchises", "coords_source": "dropped_pin", "google_place_name": "", "google_address": "", "place_id": "", "original_short_url": "https://maps.app.goo.gl/dcux79p4kbRCRQWU7", "google_maps_link": "https://www.google.com/maps?q=24.0675580,38.1218630", "notes": ""}}, {"type": "Feature", "geometry": {"type": "Point", "coordinates": [42.519929, 17.440621]}, "properties": {"row": 118, "station_number": "JA155", "city": "جازان", "station_name": "محطة بترو بارك", "operational_status": "Franchises", "coords_source": "dropped_pin", "google_place_name": "", "google_address": "", "place_id": "", "original_short_url": "https://maps.app.goo.gl/6SoxhdNEQusm5Hty8", "google_maps_link": "https://www.google.com/maps?q=17.4406210,42.5199290", "notes": ""}}, {"type": "Feature", "geometry": {"type": "Point", "coordinates": [42.680627, 25.828716]}, "properties": {"row": 119, "station_number": "RY200", "city": "الرياض", "station_name": "نبض - ثادج", "operational_status": "Franchises", "coords_source": "dropped_pin", "google_place_name": "", "google_address": "", "place_id": "", "original_short_url": "https://maps.app.goo.gl/qJPQ3niNBth7xSy48", "google_maps_link": "https://www.google.com/maps?q=25.8287160,42.6806270", "notes": "تنبيه: الموقع يبعد ~420 كم عن الرياض — تحقق من صحة الرابط في الجدول"}}, {"type": "Feature", "geometry": {"type": "Point", "coordinates": [41.0488429, 19.5378828]}, "properties": {"row": 120, "station_number": "MK217", "city": "مكة", "station_name": "محطة المظليف", "operational_status": "Franchises", "coords_source": "google_place", "google_place_name": "محطه قنوي", "google_address": "JSWA4674، 4674 246, 6548، العقدة 65397, Saudi Arabia", "place_id": "ChIJ2UOZeQBt5hURPkY2wpmHw7Y", "original_short_url": "https://maps.app.goo.gl/GH5gA3WMpvw2akFx5", "google_maps_link": "https://www.google.com/maps?q=19.5378828,41.0488429", "notes": "تنبيه: الموقع يبعد ~244 كم عن مكة — تحقق من صحة الرابط في الجدول"}}, {"type": "Feature", "geometry": {"type": "Point", "coordinates": [41.7021442, 27.483218]}, "properties": {"row": 121, "station_number": "HA050", "city": "حائل", "station_name": "مطار حائل", "operational_status": "Franchises", "coords_source": "dropped_pin", "google_place_name": "", "google_address": "", "place_id": "", "original_short_url": "https://maps.app.goo.gl/iVcrbNvVuzTo9t1Z6", "google_maps_link": "https://www.google.com/maps?q=27.4832180,41.7021442", "notes": ""}}, {"type": "Feature", "geometry": {"type": "Point", "coordinates": [41.3672353, 20.2115843]}, "properties": {"row": 122, "station_number": "BH126", "city": "الباحة", "station_name": "محطة الحميدان", "operational_status": "Operation", "coords_source": "google_place", "google_place_name": "FIFCO Station", "google_address": "15 65797, Saudi Arabia", "place_id": "ChIJdTJKGKw27xURigS0yVxqafY", "original_short_url": "https://maps.app.goo.gl/Wkjbi6yitiLmn8Hw5", "google_maps_link": "https://www.google.com/maps?q=20.2115843,41.3672353", "notes": ""}}, {"type": "Feature", "geometry": {"type": "Point", "coordinates": [39.4553798, 21.4014658]}, "properties": {"row": 123, "station_number": "MK127", "city": "جدة", "station_name": "درب بحره", "operational_status": "Operation", "coords_source": "google_place", "google_place_name": "8590 Old Mecca Al Moukarramah Rd", "google_address": "JKBA8590, 8590 Old Mecca Al Moukarramah Rd, 2773، حي بحرة، Jeddah 22825, Saudi Arabia", "place_id": "ChIJgyXVLN0wwhURbha68uj001o", "original_short_url": "https://maps.app.goo.gl/cKhGikzMLtDYUERz7", "google_maps_link": "https://www.google.com/maps?q=21.4014658,39.4553798", "notes": ""}}, {"type": "Feature", "geometry": {"type": "Point", "coordinates": [42.6323994, 16.8615518]}, "properties": {"row": 124, "station_number": "JA094", "city": "جازان", "station_name": "الكربوس (محطة الزهور )", "operational_status": "Operation", "coords_source": "dropped_pin", "google_place_name": "", "google_address": "", "place_id": "", "original_short_url": "https://maps.app.goo.gl/9A6DhgdgX5JJP3Tc6", "google_maps_link": "https://www.google.com/maps?q=16.8615518,42.6323994", "notes": ""}}, {"type": "Feature", "geometry": {"type": "Point", "coordinates": [46.7018535, 24.7646412]}, "properties": {"row": 125, "station_number": "RY338", "city": "الرياض", "station_name": "محطة التعاون", "operational_status": "Operation", "coords_source": "google_place", "google_place_name": "محطة لوجيكال للوقود", "google_address": "6419 Imam Saud Bin Abdulaziz Bin Mohammed Rd، 3586, Riyadh 12475, Saudi Arabia", "place_id": "ChIJg6oVYHD9Lj4RNwzMOJnVRxc", "original_short_url": "https://maps.app.goo.gl/1zPP73Je2JX63L7D7", "google_maps_link": "https://www.google.com/maps?q=24.7646412,46.7018535", "notes": ""}}, {"type": "Feature", "geometry": {"type": "Point", "coordinates": [41.64977, 27.468506]}, "properties": {"row": 126, "station_number": "HA052", "city": "حائل", "station_name": "الأمير سعود", "operational_status": "Franchises", "coords_source": "dropped_pin", "google_place_name": "", "google_address": "", "place_id": "", "original_short_url": "https://maps.app.goo.gl/7rLf2km3YaNFWczT8", "google_maps_link": "https://www.google.com/maps?q=27.4685060,41.6497700", "notes": ""}}, {"type": "Feature", "geometry": {"type": "Point", "coordinates": [49.708832, 25.278688]}, "properties": {"row": 127, "station_number": "EP349", "city": "الاحساء", "station_name": "-", "operational_status": "Franchises", "coords_source": "dropped_pin", "google_place_name": "", "google_address": "", "place_id": "", "original_short_url": "https://maps.app.goo.gl/UZFGfLzcm1RybF9X8", "google_maps_link": "https://www.google.com/maps?q=25.2786880,49.7088320", "notes": ""}}, {"type": "Feature", "geometry": {"type": "Point", "coordinates": [50.17849, 26.379529]}, "properties": {"row": 128, "station_number": "EP301", "city": "الدمام", "station_name": "الدمام Dammam", "operational_status": "Franchises", "coords_source": "dropped_pin", "google_place_name": "", "google_address": "", "place_id": "", "original_short_url": "https://maps.app.goo.gl/zitgCWWv7i49hGfE6", "google_maps_link": "https://www.google.com/maps?q=26.3795290,50.1784900", "notes": ""}}, {"type": "Feature", "geometry": {"type": "Point", "coordinates": [43.506832, 17.756034]}, "properties": {"row": 129, "station_number": "NJ350", "city": "نجران", "station_name": "زهرة الجنوب 1", "operational_status": "Franchises", "coords_source": "dropped_pin", "google_place_name": "", "google_address": "", "place_id": "", "original_short_url": "https://maps.app.goo.gl/DoWTAFDofn161kAB8", "google_maps_link": "https://www.google.com/maps?q=17.7560340,43.5068320", "notes": ""}}, {"type": "Feature", "geometry": {"type": "Point", "coordinates": [49.546924, 25.411059]}, "properties": {"row": 130, "station_number": "EP337", "city": "الاحساء", "station_name": "الحزام الذهبي الاحساء", "operational_status": "Operation", "coords_source": "dropped_pin", "google_place_name": "", "google_address": "", "place_id": "", "original_short_url": "https://maps.app.goo.gl/otwR4QfnHxzNmupX8", "google_maps_link": "https://www.google.com/maps?q=25.4110590,49.5469240", "notes": ""}}, {"type": "Feature", "geometry": {"type": "Point", "coordinates": [49.5939283, 25.4483082]}, "properties": {"row": 131, "station_number": "EP335", "city": "الاحساء", "station_name": "النزهة الاحساء", "operational_status": "Operation", "coords_source": "google_place", "google_place_name": "محطه لوجيكال", "google_address": "CHXV+9JC، 9133 طريق الأمير طلال, Al Nuzha, Al Mubarraz 36342, Saudi Arabia", "place_id": "ChIJj6ceGV69Nz4RkpFG0LAqYwQ", "original_short_url": "https://maps.app.goo.gl/1zcJjJu2kKzyVY5A9", "google_maps_link": "https://www.google.com/maps?q=25.4483082,49.5939283", "notes": ""}}, {"type": "Feature", "geometry": {"type": "Point", "coordinates": [42.6752801, 20.0309085]}, "properties": {"row": 132, "station_number": "AS255", "city": "عسير", "station_name": "طريق الستين (نوره الشهراني)", "operational_status": "Operation", "coords_source": "google_place", "google_place_name": "5601 ولي العهد الأمير محمد بن سلمان", "google_address": "AMMA5601، 5601 ولي العهد الأمير محمد بن سلمان، 8521، حي الصفا، بيشة 67845, Saudi Arabia", "place_id": "ChIJncAU8gYt8BUR9bfY1O9t_F4", "original_short_url": "https://maps.app.goo.gl/nDthCDjGWYNbbwmH9", "google_maps_link": "https://www.google.com/maps?q=20.0309085,42.6752801", "notes": "نفس الرابط مستخدم أيضًا للمحطة: AS124 — تحقق من الجدول"}}, {"type": "Feature", "geometry": {"type": "Point", "coordinates": [44.685494, 27.624208]}, "properties": {"row": 133, "station_number": "EP299", "city": "الشرقية", "station_name": "طريق قبه", "operational_status": "Franchises", "coords_source": "dropped_pin", "google_place_name": "", "google_address": "", "place_id": "", "original_short_url": "https://maps.app.goo.gl/DDVGtRLmmKmtDmbW8", "google_maps_link": "https://www.google.com/maps?q=27.6242080,44.6854940", "notes": "تنبيه: الموقع يبعد ~551 كم عن الشرقية — تحقق من صحة الرابط في الجدول"}}, {"type": "Feature", "geometry": {"type": "Point", "coordinates": [39.217162, 21.584632]}, "properties": {"row": 134, "station_number": "MK313", "city": "جدة", "station_name": "محطة الصفا", "operational_status": "Franchises", "coords_source": "dropped_pin", "google_place_name": "", "google_address": "", "place_id": "", "original_short_url": "https://maps.app.goo.gl/sqxLEPe4f65M3zap9", "google_maps_link": "https://www.google.com/maps?q=21.5846320,39.2171620", "notes": ""}}, {"type": "Feature", "geometry": {"type": "Point", "coordinates": [42.6752801, 20.0309085]}, "properties": {"row": 135, "station_number": "AS124", "city": "عسير", "station_name": "الصفاء", "operational_status": "Operation", "coords_source": "google_place", "google_place_name": "5601 ولي العهد الأمير محمد بن سلمان", "google_address": "AMMA5601، 5601 ولي العهد الأمير محمد بن سلمان، 8521، حي الصفا، بيشة 67845, Saudi Arabia", "place_id": "ChIJncAU8gYt8BUR9bfY1O9t_F4", "original_short_url": "https://maps.app.goo.gl/nDthCDjGWYNbbwmH9", "google_maps_link": "https://www.google.com/maps?q=20.0309085,42.6752801", "notes": "نفس الرابط مستخدم أيضًا للمحطة: AS255 — تحقق من الجدول"}}, {"type": "Feature", "geometry": {"type": "Point", "coordinates": [40.6310901, 21.2035788]}, "properties": {"row": 136, "station_number": "MK091", "city": "الطائف", "station_name": "محطة السر", "operational_status": "Operation", "coords_source": "google_place", "google_place_name": "4383 الملعب 23", "google_address": "TCAA4383، 4383 الملعب 23، 8108، حي ج41, At Taif 26919, Saudi Arabia", "place_id": "ChIJh9-JEwGC6RURR7TrYWH0CVQ", "original_short_url": "https://maps.app.goo.gl/yerUfVj9bD4QEe8EA", "google_maps_link": "https://www.google.com/maps?q=21.2035788,40.6310901", "notes": ""}}, {"type": "Feature", "geometry": {"type": "Point", "coordinates": [42.5454226, 17.3545732]}, "properties": {"row": 137, "station_number": "JA188", "city": "جازان", "station_name": "محطة طريق الملك عبدالعزيز بيش", "operational_status": "Operation", "coords_source": "google_place", "google_place_name": "محطة درب", "google_address": "King Abdul Aziz Rd, طريق, الطريق العام، جازان, Baish Saudi Arabia", "place_id": "ChIJ5_MB7BW14hURfBJwTZw9Kus", "original_short_url": "https://maps.app.goo.gl/kFaCyVcBrNHtfJbP9", "google_maps_link": "https://www.google.com/maps?q=17.3545732,42.5454226", "notes": ""}}, {"type": "Feature", "geometry": {"type": "Point", "coordinates": [42.7449418, 18.3364891]}, "properties": {"row": 138, "station_number": "AS197", "city": "خميس مشيط", "station_name": "سوق الاشواق", "operational_status": "Operation", "coords_source": "google_place", "google_place_name": "3641 جحش الجهني", "google_address": "AKUA3641، 3641 جحش الجهني، 8260, Khamis Mushait 62481, Saudi Arabia", "place_id": "ChIJpfDJsv9a-xURRcpMDE1UH0c", "original_short_url": "https://maps.app.goo.gl/H3FXBLrscK7MuVMi8?g_st=iwb", "google_maps_link": "https://www.google.com/maps?q=18.3364891,42.7449418", "notes": ""}}, {"type": "Feature", "geometry": {"type": "Point", "coordinates": [39.1833411, 21.6034364]}, "properties": {"row": 139, "station_number": "MK191", "city": "جدة", "station_name": "الربوة التلاتين", "operational_status": "Operation", "coords_source": "google_place", "google_place_name": "محطة الثلاثين", "google_address": "J53M+98G, Ar Rabwah, Jeddah 23449, Saudi Arabia", "place_id": "ChIJW_k31cPRwxURAtxGVSmW4rw", "original_short_url": "https://maps.app.goo.gl/iQqyGmzGnZoTPXJZ7", "google_maps_link": "https://www.google.com/maps?q=21.6034364,39.1833411", "notes": ""}}, {"type": "Feature", "geometry": {"type": "Point", "coordinates": [42.048956, 21.970515]}, "properties": {"row": 140, "station_number": "MK318", "city": "الطائف", "station_name": "محطة الدغمية الخرمة", "operational_status": "Operation", "coords_source": "google_place", "google_place_name": "2167 الخرمه 815", "google_address": "TKGA2167، 2167 الخرمه 815، 7648، حي الدغمية, Al Khurma 29234, Saudi Arabia", "place_id": "ChIJ3_PVsLwv7RURbThkW_n_2V0", "original_short_url": "https://maps.app.goo.gl/jRGzT2WTT9RLMtyW8?g_st=iw", "google_maps_link": "https://www.google.com/maps?q=21.9705150,42.0489560", "notes": "تنبيه: الموقع يبعد ~185 كم عن الطائف — تحقق من صحة الرابط في الجدول"}}, {"type": "Feature", "geometry": {"type": "Point", "coordinates": [43.9027291, 26.4068448]}, "properties": {"row": 141, "station_number": "QS319", "city": "القصيم", "station_name": "محطة قرطبة - سنيدي-بريدة", "operational_status": "Operation", "coords_source": "dropped_pin", "google_place_name": "", "google_address": "", "place_id": "", "original_short_url": "https://maps.app.goo.gl/uBy8D3pGmFDJbzhe7?g_st=iwb", "google_maps_link": "https://www.google.com/maps?q=26.4068448,43.9027291", "notes": ""}}, {"type": "Feature", "geometry": {"type": "Point", "coordinates": [39.2481878, 21.4604384]}, "properties": {"row": 142, "station_number": "MK082", "city": "جدة", "station_name": "امنيتي(اسكان المدائن)", "operational_status": "Operation", "coords_source": "google_place", "google_place_name": "محطة درب حي الوزيرية", "google_address": "7251 أبي عبد الله العياشي, Mada'en Al-Fahd، حي, JIMA2483, 2483, Jeddah 22347, Saudi Arabia", "place_id": "ChIJj5MGRADNwxUR6caU2vUcaRI", "original_short_url": "https://maps.app.goo.gl/N1MANVkueVHiNiaA9", "google_maps_link": "https://www.google.com/maps?q=21.4604384,39.2481878", "notes": ""}}, {"type": "Feature", "geometry": {"type": "Point", "coordinates": [49.92447, 26.654062]}, "properties": {"row": 143, "station_number": "EP324", "city": "الشرقية", "station_name": "رمكو الصفوي", "operational_status": "Franchises", "coords_source": "dropped_pin", "google_place_name": "", "google_address": "", "place_id": "", "original_short_url": "https://maps.app.goo.gl/DoG1TRwUnfwRCAiA8", "google_maps_link": "https://www.google.com/maps?q=26.6540620,49.9244700", "notes": ""}}, {"type": "Feature", "geometry": {"type": "Point", "coordinates": [39.2704458, 21.6151175]}, "properties": {"row": 144, "station_number": "تحت التوثيق", "city": "جدة", "station_name": "هدى الشام", "operational_status": "Operation", "coords_source": "dropped_pin", "google_place_name": "", "google_address": "", "place_id": "", "original_short_url": "https://maps.app.goo.gl/gJzqJGP7kqZYANnJ7", "google_maps_link": "https://www.google.com/maps?q=21.6151175,39.2704458", "notes": ""}}, {"type": "Feature", "geometry": {"type": "Point", "coordinates": [42.7577449, 17.1044162]}, "properties": {"row": 145, "station_number": "JA259", "city": "جازان", "station_name": "الخالدية ضمد", "operational_status": "Operation", "coords_source": "google_place", "google_place_name": "2605 King Abdul Aziz Rd", "google_address": "GBDE2605, 2605 King Abdul Aziz Rd, 6554, Damad 84947, Saudi Arabia", "place_id": "ChIJ4fhBdbhb_RURIOfDfQwzUtA", "original_short_url": "https://maps.app.goo.gl/hgHPTcUW7AzH14qi9", "google_maps_link": "https://www.google.com/maps?q=17.1044162,42.7577449", "notes": ""}}, {"type": "Feature", "geometry": {"type": "Point", "coordinates": [39.261769, 21.332535]}, "properties": {"row": 146, "station_number": "MK104", "city": "جدة", "station_name": "الخمرة", "operational_status": "Operation", "coords_source": "dropped_pin", "google_place_name": "", "google_address": "", "place_id": "", "original_short_url": "https://maps.app.goo.gl/wafLDdDYn5fJN1MSA", "google_maps_link": "https://www.google.com/maps?q=21.3325350,39.2617690", "notes": ""}}, {"type": "Feature", "geometry": {"type": "Point", "coordinates": [39.826491, 21.68974]}, "properties": {"row": 147, "station_number": "MK142", "city": "مكة", "station_name": "عين شمس", "operational_status": "Operation", "coords_source": "dropped_pin", "google_place_name": "", "google_address": "", "place_id": "", "original_short_url": "https://maps.app.goo.gl/qLxsVNwmPgPjbY3x5", "google_maps_link": "https://www.google.com/maps?q=21.6897400,39.8264910", "notes": ""}}, {"type": "Feature", "geometry": {"type": "Point", "coordinates": [45.322113, 18.5846257]}, "properties": {"row": 148, "station_number": "NJ145", "city": "نجران", "station_name": "المندفق", "operational_status": "Operation", "coords_source": "google_place", "google_place_name": "7055 طريق الملك عبد العزيز", "google_address": "NYSA7055، 7055 طريق الملك عبد العزيز، 3444، ظلماء 66678, Saudi Arabia", "place_id": "ChIJMc75pkDAAj4R8lhhN6ZjtvY", "original_short_url": "https://maps.app.goo.gl/M191MVsHVfjdruWT9", "google_maps_link": "https://www.google.com/maps?q=18.5846257,45.3221130", "notes": ""}}, {"type": "Feature", "geometry": {"type": "Point", "coordinates": [44.4411687, 17.8123541]}, "properties": {"row": 149, "station_number": "NA190", "city": "نجران", "station_name": "الحصينية", "operational_status": "Operation", "coords_source": "google_place", "google_place_name": "8823 طريق الملك عبد العزيز", "google_address": "NADA8823، 8823 طريق الملك عبد العزيز، 4061، حي الحصينية, Al Husayniyah 66423, Saudi Arabia", "place_id": "ChIJdeUpwy3U-BURTtSZsRQBCOs", "original_short_url": "https://maps.app.goo.gl/36VxhrTjhdymRsbH8?g_st=iw", "google_maps_link": "https://www.google.com/maps?q=17.8123541,44.4411687", "notes": ""}}, {"type": "Feature", "geometry": {"type": "Point", "coordinates": [42.5843214, 20.0455538]}, "properties": {"row": 150, "station_number": "AS225", "city": "عسير", "station_name": "محطة الفلاح-بيشة", "operational_status": "Operation", "coords_source": "google_place", "google_place_name": "Bashoke Petrol Station", "google_address": "2HWM+6PG, Alfaisaliyah, Bisha 67715, Saudi Arabia", "place_id": "ChIJV4Eb87cr8BURsmDYujlkmz4", "original_short_url": "https://maps.app.goo.gl/oYrzRZnB99YUSHHL8?g_st=ipc", "google_maps_link": "https://www.google.com/maps?q=20.0455538,42.5843214", "notes": ""}}, {"type": "Feature", "geometry": {"type": "Point", "coordinates": [39.362641, 22.430833]}, "properties": {"row": 151, "station_number": "MK190", "city": "مكة", "station_name": "قديد", "operational_status": "Operation", "coords_source": "dropped_pin", "google_place_name": "", "google_address": "", "place_id": "", "original_short_url": "https://maps.app.goo.gl/bUJoRzFuvE2aDurg6", "google_maps_link": "https://www.google.com/maps?q=22.4308330,39.3626410", "notes": "تنبيه: الموقع يبعد ~122 كم عن مكة — تحقق من صحة الرابط في الجدول"}}, {"type": "Feature", "geometry": {"type": "Point", "coordinates": [39.5164567, 24.4647056]}, "properties": {"row": 152, "station_number": "MD097", "city": "المدينة المنورة", "station_name": "الامام مسلم", "operational_status": "Franchises", "coords_source": "google_place", "google_place_name": "Corner station", "google_address": "7111 أبو الربيع بن سالم، 42355 3329، حي السلام،, Madinah Saudi Arabia", "place_id": "ChIJ5YWlc3e4vRURiEBc390j920", "original_short_url": "https://maps.app.goo.gl/4HfgXeGBMgEUbd6T9", "google_maps_link": "https://www.google.com/maps?q=24.4647056,39.5164567", "notes": ""}}, {"type": "Feature", "geometry": {"type": "Point", "coordinates": [42.7766103, 18.3027177]}, "properties": {"row": 153, "station_number": "", "city": "خميس مشيط", "station_name": "خميس مشيط طريق الرياض", "operational_status": "Franchises", "coords_source": "dropped_pin", "google_place_name": "", "google_address": "", "place_id": "", "original_short_url": "https://maps.app.goo.gl/P58L3VGKEWZYfd7a8?g_st=iw", "google_maps_link": "https://www.google.com/maps?q=18.3027177,42.7766103", "notes": ""}}, {"type": "Feature", "geometry": {"type": "Point", "coordinates": [42.64314, 16.877875]}, "properties": {"row": 154, "station_number": "JA026", "city": "جازان", "station_name": "الكربوس - طريق الملك فيصل", "operational_status": "Franchises", "coords_source": "dropped_pin", "google_place_name": "", "google_address": "", "place_id": "", "original_short_url": "https://maps.app.goo.gl/R3Aa4yeRXbAZwHQY9", "google_maps_link": "https://www.google.com/maps?q=16.8778750,42.6431400", "notes": ""}}, {"type": "Feature", "geometry": {"type": "Point", "coordinates": [42.750351, 18.318742]}, "properties": {"row": 155, "station_number": "AS211", "city": "عسير", "station_name": "المطار القديم", "operational_status": "Franchises", "coords_source": "dropped_pin", "google_place_name": "", "google_address": "", "place_id": "", "original_short_url": "https://maps.app.goo.gl/L5JQLynd7CyAq3Z6A", "google_maps_link": "https://www.google.com/maps?q=18.3187420,42.7503510", "notes": ""}}, {"type": "Feature", "geometry": {"type": "Point", "coordinates": [42.056102, 18.534657]}, "properties": {"row": 156, "station_number": "AS212", "city": "عسير", "station_name": "محايل عسر الياسمين", "operational_status": "Franchises", "coords_source": "dropped_pin", "google_place_name": "", "google_address": "", "place_id": "", "original_short_url": "https://maps.app.goo.gl/QoBjhUkvG1Rjfpk86", "google_maps_link": "https://www.google.com/maps?q=18.5346570,42.0561020", "notes": ""}}, {"type": "Feature", "geometry": {"type": "Point", "coordinates": [41.36272, 20.221548]}, "properties": {"row": 157, "station_number": "BH253", "city": "الباحة", "station_name": "مثلث الأطاولة العقيق", "operational_status": "Franchises", "coords_source": "dropped_pin", "google_place_name": "", "google_address": "", "place_id": "", "original_short_url": "https://maps.app.goo.gl/wJBoXRVdbjaBY5hEA", "google_maps_link": "https://www.google.com/maps?q=20.2215480,41.3627200", "notes": ""}}, {"type": "Feature", "geometry": {"type": "Point", "coordinates": [41.305395, 20.383154]}, "properties": {"row": 158, "station_number": "BH108", "city": "الباحة", "station_name": "بني عدوان (شمرخ)", "operational_status": "Franchises", "coords_source": "dropped_pin", "google_place_name": "", "google_address": "", "place_id": "", "original_short_url": "https://maps.app.goo.gl/8vimUHzMhPU99jax8", "google_maps_link": "https://www.google.com/maps?q=20.3831540,41.3053950", "notes": ""}}, {"type": "Feature", "geometry": {"type": "Point", "coordinates": [47.287781, 24.105294]}, "properties": {"row": 159, "station_number": "RY095", "city": "الخرج", "station_name": "السفير 4 (الهداء)", "operational_status": "Franchises", "coords_source": "dropped_pin", "google_place_name": "", "google_address": "", "place_id": "", "original_short_url": "https://maps.app.goo.gl/DHvJhe9X5a6iZ89r6", "google_maps_link": "https://www.google.com/maps?q=24.1052940,47.2877810", "notes": ""}}, {"type": "Feature", "geometry": {"type": "Point", "coordinates": [47.3718491, 24.1367626]}, "properties": {"row": 160, "station_number": "RY076", "city": "الخرج", "station_name": "السحاب", "operational_status": "Franchises", "coords_source": "dropped_pin", "google_place_name": "", "google_address": "", "place_id": "", "original_short_url": "https://maps.app.goo.gl/HrfFWthkCngyizuv5", "google_maps_link": "https://www.google.com/maps?q=24.1367626,47.3718491", "notes": ""}}, {"type": "Feature", "geometry": {"type": "Point", "coordinates": [47.3509636, 24.1306915]}, "properties": {"row": 161, "station_number": "RY077", "city": "الخرج", "station_name": "السفير 1 ( طويق الزاهر )", "operational_status": "Franchises", "coords_source": "dropped_pin", "google_place_name": "", "google_address": "", "place_id": "", "original_short_url": "https://maps.app.goo.gl/23UjZ3bbbUE6WBsJ6", "google_maps_link": "https://www.google.com/maps?q=24.1306915,47.3509636", "notes": ""}}, {"type": "Feature", "geometry": {"type": "Point", "coordinates": [41.719733, 27.401975]}, "properties": {"row": 162, "station_number": "HA109", "city": "حائل", "station_name": "المدائن - حائل", "operational_status": "Franchises", "coords_source": "dropped_pin", "google_place_name": "", "google_address": "", "place_id": "", "original_short_url": "https://maps.app.goo.gl/tRqKHwixcqpCmMte6", "google_maps_link": "https://www.google.com/maps?q=27.4019750,41.7197330", "notes": ""}}, {"type": "Feature", "geometry": {"type": "Point", "coordinates": [39.688836, 21.309018]}, "properties": {"row": 163, "station_number": "Mk284", "city": "مكة", "station_name": "محطة بتروتن مكة", "operational_status": "Franchises", "coords_source": "dropped_pin", "google_place_name": "", "google_address": "", "place_id": "", "original_short_url": "https://maps.app.goo.gl/uEx98XyhDp7bGTYDA", "google_maps_link": "https://www.google.com/maps?q=21.3090180,39.6888360", "notes": ""}}, {"type": "Feature", "geometry": {"type": "Point", "coordinates": [37.352119, 31.345833]}, "properties": {"row": 164, "station_number": "JO251", "city": "الجوف", "station_name": "محطة الريان - الجوف", "operational_status": "Franchises", "coords_source": "dropped_pin", "google_place_name": "", "google_address": "", "place_id": "", "original_short_url": "https://maps.app.goo.gl/rSbZF4Bnh2AfNLYZ8", "google_maps_link": "https://www.google.com/maps?q=31.3458330,37.3521190", "notes": "تنبيه: الموقع يبعد ~312 كم عن الجوف — تحقق من صحة الرابط في الجدول"}}, {"type": "Feature", "geometry": {"type": "Point", "coordinates": [37.346631, 31.310316]}, "properties": {"row": 165, "station_number": "JO281", "city": "الجوف", "station_name": "القريات - النسيم", "operational_status": "Franchises", "coords_source": "dropped_pin", "google_place_name": "", "google_address": "", "place_id": "", "original_short_url": "https://maps.app.goo.gl/V9KwM4ksGvsw5V2s6", "google_maps_link": "https://www.google.com/maps?q=31.3103160,37.3466310", "notes": "تنبيه: الموقع يبعد ~310 كم عن الجوف — تحقق من صحة الرابط في الجدول"}}, {"type": "Feature", "geometry": {"type": "Point", "coordinates": [37.3664135, 31.34385]}, "properties": {"row": 166, "station_number": "JO298", "city": "الجوف", "station_name": "القريات - الصناعية", "operational_status": "Franchises", "coords_source": "google_place", "google_place_name": "8782 Al Madinah Al Munawarah Rd", "google_address": "WCMB8782, 8782 Al Madinah Al Munawarah Rd, 5076, As Sinaiyah, Al Qurayyat 77453, Saudi Arabia", "place_id": "ChIJ_fnkoR4GEBURahKetyxqY_Y", "original_short_url": "https://maps.app.goo.gl/rYLzFeLEJAmZmDC4A", "google_maps_link": "https://www.google.com/maps?q=31.3438500,37.3664135", "notes": "تنبيه: الموقع يبعد ~311 كم عن الجوف — تحقق من صحة الرابط في الجدول"}}, {"type": "Feature", "geometry": {"type": "Point", "coordinates": [49.6175671, 25.3424293]}, "properties": {"row": 167, "station_number": "EP315", "city": "الشرقية", "station_name": "وهل طريق الخليج", "operational_status": "Franchises", "coords_source": "google_place", "google_place_name": "7054 ابن رشيد", "google_address": "FHDI7054، 7054 ابن رشيد، 3023، حي المزروع الثاني, Al Hofuf 36365, Saudi Arabia", "place_id": "ChIJ3yNHBNuTNz4RBJmVZlZiDm0", "original_short_url": "https://maps.app.goo.gl/vVrcwxh2n51oNXxX8", "google_maps_link": "https://www.google.com/maps?q=25.3424293,49.6175671", "notes": ""}}, {"type": "Feature", "geometry": {"type": "Point", "coordinates": [39.693932, 24.452977]}, "properties": {"row": 168, "station_number": "MD297", "city": "المدينة المنورة", "station_name": "المدينة عين الخيف", "operational_status": "Franchises", "coords_source": "dropped_pin", "google_place_name": "", "google_address": "", "place_id": "", "original_short_url": "https://maps.app.goo.gl/zZZU42UcyCj5f4k68", "google_maps_link": "https://www.google.com/maps?q=24.4529770,39.6939320", "notes": ""}}, {"type": "Feature", "geometry": {"type": "Point", "coordinates": [39.210434, 21.855405]}, "properties": {"row": 169, "station_number": "MK304", "city": "جدة", "station_name": "حي الرياض", "operational_status": "Franchises", "coords_source": "dropped_pin", "google_place_name": "", "google_address": "", "place_id": "", "original_short_url": "https://maps.app.goo.gl/v7fdHhdEkQGXjJN27", "google_maps_link": "https://www.google.com/maps?q=21.8554050,39.2104340", "notes": ""}}, {"type": "Feature", "geometry": {"type": "Point", "coordinates": [45.98374, 28.463903]}, "properties": {"row": 170, "station_number": "EP316", "city": "الشرقية", "station_name": "محطة القصيم", "operational_status": "Franchises", "coords_source": "dropped_pin", "google_place_name": "", "google_address": "", "place_id": "", "original_short_url": "https://maps.app.goo.gl/b9F9fjwSft3Bfzvj9", "google_maps_link": "https://www.google.com/maps?q=28.4639030,45.9837400", "notes": "تنبيه: الموقع يبعد ~464 كم عن الشرقية — تحقق من صحة الرابط في الجدول"}}, {"type": "Feature", "geometry": {"type": "Point", "coordinates": [46.8312486, 24.7549431]}, "properties": {"row": 171, "station_number": "RY204", "city": "الرياض", "station_name": "محطة النسيم", "operational_status": "Franchises", "coords_source": "google_place", "google_place_name": "8060 ابي الاسود الدؤلي، النسيم الشرقي، الرياض 14241 3087 Abi Al Aswad Al Douli", "google_address": "8060 ابي الاسود الدؤلي، النسيم الشرقي، الرياض 14241 3087 Abi Al Aswad Al Douli, 3087, An Nasim Ash Sharqi, Riyadh 14241, Saudi Arabia", "place_id": "ChIJ5T_LynuqLz4R8wLgPj2HYq4", "original_short_url": "https://maps.app.goo.gl/cQwwmUHWPGjpUYmq6", "google_maps_link": "https://www.google.com/maps?q=24.7549431,46.8312486", "notes": ""}}, {"type": "Feature", "geometry": {"type": "Point", "coordinates": [37.966918, 26.540125]}, "properties": {"row": 172, "station_number": "MD294", "city": "المدينة المنورة", "station_name": "نقطة ايفاء العلا", "operational_status": "Franchises", "coords_source": "dropped_pin", "google_place_name": "", "google_address": "", "place_id": "", "original_short_url": "https://maps.app.goo.gl/9fwjwbwk3HpgMKBn7", "google_maps_link": "https://www.google.com/maps?q=26.5401250,37.9669180", "notes": "تنبيه: الموقع يبعد ~283 كم عن المدينة المنورة — تحقق من صحة الرابط في الجدول"}}, {"type": "Feature", "geometry": {"type": "Point", "coordinates": [47.158729, 24.321695]}, "properties": {"row": 173, "station_number": "RY199", "city": "الخرج", "station_name": "نبض - الرفايع", "operational_status": "Franchises", "coords_source": "dropped_pin", "google_place_name": "", "google_address": "", "place_id": "", "original_short_url": "https://maps.app.goo.gl/9pHwSe7nvTvVuq6y9", "google_maps_link": "https://www.google.com/maps?q=24.3216950,47.1587290", "notes": ""}}, {"type": "Feature", "geometry": {"type": "Point", "coordinates": [42.7145882, 18.0666237]}, "properties": {"row": 174, "station_number": "AS128", "city": "عسير", "station_name": "الفرعاء", "operational_status": "Franchises", "coords_source": "google_place", "google_place_name": "رايات المثلث للوقود", "google_address": "3P87+JRW، القلت 62268, Saudi Arabia", "place_id": "ChIJFxXubHW7_BURAbSHgmnLHJc", "original_short_url": "https://maps.app.goo.gl/DYV5mAWoi6psNmrL7", "google_maps_link": "https://www.google.com/maps?q=18.0666237,42.7145882", "notes": ""}}, {"type": "Feature", "geometry": {"type": "Point", "coordinates": [43.233825, 18.829893]}, "properties": {"row": 175, "station_number": "AS129", "city": "عسير", "station_name": "محطة الجنوب", "operational_status": "Franchises", "coords_source": "dropped_pin", "google_place_name": "", "google_address": "", "place_id": "", "original_short_url": "https://maps.app.goo.gl/ihDU4kXzjVTZ7icK8", "google_maps_link": "https://www.google.com/maps?q=18.8298930,43.2338250", "notes": ""}}, {"type": "Feature", "geometry": {"type": "Point", "coordinates": [39.07002, 21.781861]}, "properties": {"row": 176, "station_number": "MK322", "city": "جدة", "station_name": "محطة الياقوت", "operational_status": "Franchises", "coords_source": "dropped_pin", "google_place_name": "", "google_address": "", "place_id": "", "original_short_url": "https://maps.app.goo.gl/36kkyEATST4uB7es8", "google_maps_link": "https://www.google.com/maps?q=21.7818610,39.0700200", "notes": ""}}, {"type": "Feature", "geometry": {"type": "Point", "coordinates": [49.222719, 24.135421]}, "properties": {"row": 177, "station_number": "EP325", "city": "الشرقية", "station_name": "رمكو البطحاء", "operational_status": "Franchises", "coords_source": "dropped_pin", "google_place_name": "", "google_address": "", "place_id": "", "original_short_url": "https://maps.app.goo.gl/sXwvdskpQsPfkHCC6", "google_maps_link": "https://www.google.com/maps?q=24.1354210,49.2227190", "notes": "تنبيه: الموقع يبعد ~268 كم عن الشرقية — تحقق من صحة الرابط في الجدول"}}, {"type": "Feature", "geometry": {"type": "Point", "coordinates": [43.949766, 26.33106]}, "properties": {"row": 178, "station_number": "QS330", "city": "القصيم", "station_name": "محطة القويع", "operational_status": "Franchises", "coords_source": "dropped_pin", "google_place_name": "", "google_address": "", "place_id": "", "original_short_url": "https://maps.app.goo.gl/Ywy97T2jvgG6EB4w8", "google_maps_link": "https://www.google.com/maps?q=26.3310600,43.9497660", "notes": ""}}, {"type": "Feature", "geometry": {"type": "Point", "coordinates": [43.850588, 26.301671]}, "properties": {"row": 179, "station_number": "QS331", "city": "القصيم", "station_name": "محطة البصر", "operational_status": "Franchises", "coords_source": "dropped_pin", "google_place_name": "", "google_address": "", "place_id": "", "original_short_url": "https://maps.app.goo.gl/3Wfka8KZnutEo3UA6", "google_maps_link": "https://www.google.com/maps?q=26.3016710,43.8505880", "notes": ""}}, {"type": "Feature", "geometry": {"type": "Point", "coordinates": [43.754599, 25.97675]}, "properties": {"row": 180, "station_number": "QS332", "city": "القصيم", "station_name": "محطة البدائع", "operational_status": "Franchises", "coords_source": "dropped_pin", "google_place_name": "", "google_address": "", "place_id": "", "original_short_url": "https://maps.app.goo.gl/rgtwiZQ8XAj1ffoy6", "google_maps_link": "https://www.google.com/maps?q=25.9767500,43.7545990", "notes": ""}}, {"type": "Feature", "geometry": {"type": "Point", "coordinates": [42.6811212, 18.6082742]}, "properties": {"row": 181, "station_number": "AS180", "city": "عسير", "station_name": "محطة المركاض", "operational_status": "Franchises", "coords_source": "google_place", "google_place_name": "JM5J+8F8", "google_address": "JM5J+8F8, 255, Wadi Ibn Hashbal 62917, Saudi Arabia", "place_id": "ChIJ10KWhTA3-xUR7_yxM5Jt6yo", "original_short_url": "https://maps.app.goo.gl/ZWaCBzrSuvyCPM9D9", "google_maps_link": "https://www.google.com/maps?q=18.6082742,42.6811212", "notes": ""}}, {"type": "Feature", "geometry": {"type": "Point", "coordinates": [42.4996719, 18.2616684]}, "properties": {"row": 182, "station_number": "AS226", "city": "ابها", "station_name": "المصيف", "operational_status": "Operation", "coords_source": "dropped_pin", "google_place_name": "", "google_address": "", "place_id": "", "original_short_url": "https://goo.gl/maps/s1ykbLUWawUFx5NA7", "google_maps_link": "https://www.google.com/maps?q=18.2616684,42.4996719", "notes": ""}}, {"type": "Feature", "geometry": {"type": "Point", "coordinates": [41.3590202, 18.7877941]}, "properties": {"row": 183, "station_number": "MK036", "city": "مكة", "station_name": "محطة حلي", "operational_status": "Operation", "coords_source": "dropped_pin", "google_place_name": "", "google_address": "", "place_id": "", "original_short_url": "https://maps.app.goo.gl/Q87z9kZ58JN1EMdUA", "google_maps_link": "https://www.google.com/maps?q=18.7877941,41.3590202", "notes": "تنبيه: الموقع يبعد ~333 كم عن مكة — تحقق من صحة الرابط في الجدول"}}, {"type": "Feature", "geometry": {"type": "Point", "coordinates": [42.8743031, 16.9437166]}, "properties": {"row": 184, "station_number": "JA058", "city": "جازان", "station_name": "أبو عريش جازان زيارة ام الغلف", "operational_status": "Operation", "coords_source": "dropped_pin", "google_place_name": "", "google_address": "", "place_id": "", "original_short_url": "https://maps.app.goo.gl/s9Msko22UKnrJ2qQ8", "google_maps_link": "https://www.google.com/maps?q=16.9437166,42.8743031", "notes": ""}}, {"type": "Feature", "geometry": {"type": "Point", "coordinates": [42.3808346, 18.482235]}, "properties": {"row": 185, "station_number": "AS287", "city": "عسير", "station_name": "عقبة شعار", "operational_status": "Operation", "coords_source": "dropped_pin", "google_place_name": "", "google_address": "", "place_id": "", "original_short_url": "https://maps.app.goo.gl/rwxPGN2JL4GaRX9K7?g_st=iwb", "google_maps_link": "https://www.google.com/maps?q=18.4822350,42.3808346", "notes": ""}}, {"type": "Feature", "geometry": {"type": "Point", "coordinates": [39.9409578, 21.687189]}, "properties": {"row": 186, "station_number": "MK057", "city": "مكة", "station_name": "الريان-الجموم", "operational_status": "Operation", "coords_source": "dropped_pin", "google_place_name": "", "google_address": "", "place_id": "", "original_short_url": "https://maps.app.goo.gl/NEXWXpEVVXTwornD9", "google_maps_link": "https://www.google.com/maps?q=21.6871890,39.9409578", "notes": ""}}, {"type": "Feature", "geometry": {"type": "Point", "coordinates": [36.502, 28.429889]}, "properties": {"row": 187, "station_number": "TB146", "city": "تبوك", "station_name": "القادسية", "operational_status": "Operation", "coords_source": "dropped_pin", "google_place_name": "", "google_address": "", "place_id": "", "original_short_url": "https://maps.app.goo.gl/7ZNAUu7L6vtQ2bX17", "google_maps_link": "https://www.google.com/maps?q=28.4298890,36.5020000", "notes": ""}}, {"type": "Feature", "geometry": {"type": "Point", "coordinates": [42.6060855, 16.8784986]}, "properties": {"row": 188, "station_number": "JA234", "city": "جازان", "station_name": "محطة الرحاب (البشاير)", "operational_status": "Operation", "coords_source": "google_place", "google_place_name": "Gas Station", "google_address": "VJH4+9CW, King Faisal Rd, As Suways, Jazan 82625, Saudi Arabia", "place_id": "ChIJD3QCyBXjBxYR_D3P8nhc6lA", "original_short_url": "https://maps.app.goo.gl/uQTUEdvKbKTf1nA47?g_st=aw", "google_maps_link": "https://www.google.com/maps?q=16.8784986,42.6060855", "notes": ""}}, {"type": "Feature", "geometry": {"type": "Point", "coordinates": [42.817172, 16.585843]}, "properties": {"row": 189, "station_number": "JA353", "city": "جازان", "station_name": "محطة الحنيني-صامطة", "operational_status": "Operation", "coords_source": "dropped_pin", "google_place_name": "", "google_address": "", "place_id": "", "original_short_url": "https://maps.app.goo.gl/iaHkd6FHWGTfFLRF7", "google_maps_link": "https://www.google.com/maps?q=16.5858430,42.8171720", "notes": ""}}, {"type": "Feature", "geometry": {"type": "Point", "coordinates": [40.3785565, 21.2469407]}, "properties": {"row": 190, "station_number": "MK317", "city": "الطائف", "station_name": "وادي وج", "operational_status": "Operation", "coords_source": "dropped_pin", "google_place_name": "", "google_address": "", "place_id": "", "original_short_url": "https://maps.app.goo.gl/uvPENCwH85a8TepcA?g_st=iw", "google_maps_link": "https://www.google.com/maps?q=21.2469407,40.3785565", "notes": ""}}, {"type": "Feature", "geometry": {"type": "Point", "coordinates": [42.775329, 18.0794062]}, "properties": {"row": 191, "station_number": "تحت التوثيق", "city": "خميس مشيط", "station_name": "الوادين أحد رفيده ـ عسير", "operational_status": "Operation", "coords_source": "google_place", "google_place_name": "3QHG+Q43", "google_address": "3QHG+Q43، العقالة 62236, Saudi Arabia", "place_id": "ChIJ8-juWr2k_BURnciuqpCm-gQ", "original_short_url": "https://maps.app.goo.gl/f6KQE9iYiVHmBSxeA", "google_maps_link": "https://www.google.com/maps?q=18.0794062,42.7753290", "notes": ""}}, {"type": "Feature", "geometry": {"type": "Point", "coordinates": [39.0373154, 22.7737598]}, "properties": {"row": 193, "station_number": "MK039", "city": "رابغ", "station_name": "محطة الجود / رابغ", "operational_status": "Operation", "coords_source": "dropped_pin", "google_place_name": "", "google_address": "", "place_id": "", "original_short_url": "https://maps.app.goo.gl/vQyFVVi4dCgogwkYA", "google_maps_link": "https://www.google.com/maps?q=22.7737598,39.0373154", "notes": ""}}, {"type": "Feature", "geometry": {"type": "Point", "coordinates": [40.6540025, 21.7510803]}, "properties": {"row": 194, "station_number": "MK048", "city": "عشيرة", "station_name": "عشيرة", "operational_status": "Operation", "coords_source": "google_place", "google_place_name": "8961 4420", "google_address": "TGUA8961, 8961 4420, 2165, Ashayrah 26386, Saudi Arabia", "place_id": "ChIJJ76Cy1-t6xURjBkuiufuJ_M", "original_short_url": "https://maps.app.goo.gl/2n8s66vt6gYdXaPf8", "google_maps_link": "https://www.google.com/maps?q=21.7510803,40.6540025", "notes": ""}}, {"type": "Feature", "geometry": {"type": "Point", "coordinates": [40.5205869, 21.3878465]}, "properties": {"row": 195, "station_number": "MK098", "city": "الطائف", "station_name": "وادي جليل", "operational_status": "Operation", "coords_source": "google_place", "google_place_name": "محطة الخماش للمواد البترولية - الشواحط", "google_address": "قرية الشواحط, C31, Taif 26556, Saudi Arabia", "place_id": "ChIJG-K9qC8p6hURy0QphPzdbhg", "original_short_url": "https://maps.app.goo.gl/HidRQsVqZvJq5NXw8", "google_maps_link": "https://www.google.com/maps?q=21.3878465,40.5205869", "notes": ""}}, {"type": "Feature", "geometry": {"type": "Point", "coordinates": [40.431735, 21.378806]}, "properties": {"row": 196, "station_number": "MK143", "city": "الطائف", "station_name": "مدينة الورود", "operational_status": "Operation", "coords_source": "dropped_pin", "google_place_name": "", "google_address": "", "place_id": "", "original_short_url": "https://maps.app.goo.gl/syRQo5bWzMMJ9XP8A", "google_maps_link": "https://www.google.com/maps?q=21.3788060,40.4317350", "notes": ""}}, {"type": "Feature", "geometry": {"type": "Point", "coordinates": [46.905824, 23.508846]}, "properties": {"row": 197, "station_number": "RY147", "city": "الرياض", "station_name": "حوطة بني تميم", "operational_status": "Operation", "coords_source": "dropped_pin", "google_place_name": "", "google_address": "", "place_id": "", "original_short_url": "https://maps.app.goo.gl/7ZEMAE6D1TAecuhWA", "google_maps_link": "https://www.google.com/maps?q=23.5088460,46.9058240", "notes": "تنبيه: الموقع يبعد ~135 كم عن الرياض — تحقق من صحة الرابط في الجدول"}}, {"type": "Feature", "geometry": {"type": "Point", "coordinates": [36.22865, 28.865776]}, "properties": {"row": 198, "station_number": "TB148", "city": "تبوك", "station_name": "بئر بن هرماس", "operational_status": "Operation", "coords_source": "dropped_pin", "google_place_name": "", "google_address": "", "place_id": "", "original_short_url": "https://maps.app.goo.gl/qUSbLwFti2wfzk5f7", "google_maps_link": "https://www.google.com/maps?q=28.8657760,36.2286500", "notes": ""}}, {"type": "Feature", "geometry": {"type": "Point", "coordinates": [46.955846, 23.761945]}, "properties": {"row": 199, "station_number": "RY149", "city": "الدلم", "station_name": "طريق الحاير", "operational_status": "Operation", "coords_source": "dropped_pin", "google_place_name": "", "google_address": "", "place_id": "", "original_short_url": "https://maps.app.goo.gl/nS7Ujb35EqQivfcRA", "google_maps_link": "https://www.google.com/maps?q=23.7619450,46.9558460", "notes": ""}}, {"type": "Feature", "geometry": {"type": "Point", "coordinates": [39.540666, 21.441663]}, "properties": {"row": 200, "station_number": "MK150", "city": "جدة", "station_name": "حداء-بحره", "operational_status": "Operation", "coords_source": "dropped_pin", "google_place_name": "", "google_address": "", "place_id": "", "original_short_url": "https://maps.app.goo.gl/5BBzj7ExUDDgYBNp9", "google_maps_link": "https://www.google.com/maps?q=21.4416630,39.5406660", "notes": ""}}, {"type": "Feature", "geometry": {"type": "Point", "coordinates": [42.817244, 16.989283]}, "properties": {"row": 201, "station_number": "JA187", "city": "جازان", "station_name": "محطة درب الناصرية ( أبو عريش )", "operational_status": "Operation", "coords_source": "dropped_pin", "google_place_name": "", "google_address": "", "place_id": "", "original_short_url": "https://maps.app.goo.gl/8bVhNexMQ4FZoXpKA", "google_maps_link": "https://www.google.com/maps?q=16.9892830,42.8172440", "notes": ""}}, {"type": "Feature", "geometry": {"type": "Point", "coordinates": [42.618366, 20.0104946]}, "properties": {"row": 202, "station_number": "AS189", "city": "عسير", "station_name": "محطة الخزامى بيشه", "operational_status": "Operation", "coords_source": "google_place", "google_place_name": "Fuel bin Hamad station", "google_address": "Alkhuzama, Bisha 67711, Saudi Arabia", "place_id": "ChIJM6pkXeMr8BUR1SKJQ9sX2OI", "original_short_url": "https://maps.app.goo.gl/DeXvxtcYfpn97mMGA", "google_maps_link": "https://www.google.com/maps?q=20.0104946,42.6183660", "notes": ""}}, {"type": "Feature", "geometry": {"type": "Point", "coordinates": [42.6818576, 18.2368927]}, "properties": {"row": 203, "station_number": "AS193", "city": "خميس مشيط", "station_name": "طريق المئة", "operational_status": "Operation", "coords_source": "google_place", "google_place_name": "كوفي المزرعه 🌴 the farm", "google_address": "حي النجاح، AGAA3505، 3505 طريق الامير سلطان، 8973، خميس مشيط 62217, Saudi Arabia", "place_id": "ChIJB1I_QACp_BURwAR167Ujj00", "original_short_url": "https://maps.app.goo.gl/h7Syc4Q85xbjaoKY9?g_st=iw", "google_maps_link": "https://www.google.com/maps?q=18.2368927,42.6818576", "notes": ""}}, {"type": "Feature", "geometry": {"type": "Point", "coordinates": [42.6133077, 18.3199113]}, "properties": {"row": 204, "station_number": "AB254", "city": "ابها", "station_name": "محطة الزهور", "operational_status": "Operation", "coords_source": "dropped_pin", "google_place_name": "", "google_address": "", "place_id": "", "original_short_url": "https://maps.app.goo.gl/ow1jGXUN3T8R2bhb8?g_st=iw", "google_maps_link": "https://www.google.com/maps?q=18.3199113,42.6133077", "notes": ""}}, {"type": "Feature", "geometry": {"type": "Point", "coordinates": [46.4962545, 24.5551148]}, "properties": {"row": 205, "station_number": "RY312", "city": "الرياض", "station_name": "محطة الغروب", "operational_status": "Operation", "coords_source": "dropped_pin", "google_place_name": "", "google_address": "", "place_id": "", "original_short_url": "https://maps.app.goo.gl/M8b8LzA46YH1jC2P6?g_st=iw", "google_maps_link": "https://www.google.com/maps?q=24.5551148,46.4962545", "notes": ""}}, {"type": "Feature", "geometry": {"type": "Point", "coordinates": [39.1730394, 21.5131898]}, "properties": {"row": 206, "station_number": "MK333", "city": "جدة", "station_name": "محطة الرويس ( شارع حائل )", "operational_status": "Operation", "coords_source": "google_place", "google_place_name": "6770 Hael", "google_address": "JBRB6770, 6770 Hael, 4127, AR Ruwais District, Jeddah 23213, Saudi Arabia", "place_id": "ChIJVa6jmJfPwxUReEUwV0GEbSE", "original_short_url": "https://maps.app.goo.gl/7dBhK1JDuEPXjpgt6?g_st=iw", "google_maps_link": "https://www.google.com/maps?q=21.5131898,39.1730394", "notes": ""}}, {"type": "Feature", "geometry": {"type": "Point", "coordinates": [50.0670925, 26.3582522]}, "properties": {"row": 208, "station_number": "EP336", "city": "الدمام", "station_name": "طيبة الدمام", "operational_status": "Operation", "coords_source": "dropped_pin", "google_place_name": "", "google_address": "", "place_id": "", "original_short_url": "https://maps.app.goo.gl/HbNJ6ZSZkRh9emEQ7", "google_maps_link": "https://www.google.com/maps?q=26.3582522,50.0670925", "notes": ""}}, {"type": "Feature", "geometry": {"type": "Point", "coordinates": [39.1254104, 21.5831673]}, "properties": {"row": 209, "station_number": "MK339", "city": "جدة", "station_name": "محطة الشاطئ", "operational_status": "Operation", "coords_source": "dropped_pin", "google_place_name": "", "google_address": "", "place_id": "", "original_short_url": "https://maps.app.goo.gl/oBAW4S4XTLcQUuFZ9?g_st=iw", "google_maps_link": "https://www.google.com/maps?q=21.5831673,39.1254104", "notes": ""}}, {"type": "Feature", "geometry": {"type": "Point", "coordinates": [42.6868992, 18.3336548]}, "properties": {"row": 210, "station_number": "AS354", "city": "خميس مشيط", "station_name": "محطة الواحة", "operational_status": "Operation", "coords_source": "dropped_pin", "google_place_name": "", "google_address": "", "place_id": "", "original_short_url": "https://maps.app.goo.gl/yrUqSdJMZJ38wnhy6?g_st=iw", "google_maps_link": "https://www.google.com/maps?q=18.3336548,42.6868992", "notes": ""}}, {"type": "Feature", "geometry": {"type": "Point", "coordinates": [46.5786213, 24.5779232]}, "properties": {"row": 211, "station_number": "RY355", "city": "الرياض", "station_name": "محطة العريجاء", "operational_status": "Operation", "coords_source": "google_place", "google_place_name": "محطة الصباح", "google_address": "6588 Bilal Ibn Rabah, 6588, 2254, Riyadh 14921, Saudi Arabia", "place_id": "ChIJ-e6hldgZLz4RBE4rJBabt4Y", "original_short_url": "https://maps.app.goo.gl/WUviPFVrgT7f9omx9?g_st=iw", "google_maps_link": "https://www.google.com/maps?q=24.5779232,46.5786213", "notes": "نفس الرابط مستخدم أيضًا للمحطة: RY356 — تحقق من الجدول"}}, {"type": "Feature", "geometry": {"type": "Point", "coordinates": [46.5786213, 24.5779232]}, "properties": {"row": 212, "station_number": "RY356", "city": "الرياض", "station_name": "محطة المونسية", "operational_status": "Operation", "coords_source": "google_place", "google_place_name": "محطة الصباح", "google_address": "6588 Bilal Ibn Rabah, 6588, 2254, Riyadh 14921, Saudi Arabia", "place_id": "ChIJ-e6hldgZLz4RBE4rJBabt4Y", "original_short_url": "https://maps.app.goo.gl/WUviPFVrgT7f9omx9?g_st=iw", "google_maps_link": "https://www.google.com/maps?q=24.5779232,46.5786213", "notes": "نفس الرابط مستخدم أيضًا للمحطة: RY355 — تحقق من الجدول"}}, {"type": "Feature", "geometry": {"type": "Point", "coordinates": [42.7544677, 17.6407774]}, "properties": {"row": 213, "station_number": "JA357", "city": "جازان", "station_name": "محطة الريث", "operational_status": "Operation", "coords_source": "dropped_pin", "google_place_name": "", "google_address": "", "place_id": "", "original_short_url": "https://maps.app.goo.gl/Rzuzjmr8cTPWAujz7?g_st=iw", "google_maps_link": "https://www.google.com/maps?q=17.6407774,42.7544677", "notes": ""}}, {"type": "Feature", "geometry": {"type": "Point", "coordinates": [39.809365, 21.402652]}, "properties": {"row": 215, "station_number": "MK314", "city": "مكة", "station_name": "قوس النصر-الخالدية", "operational_status": "Franchises", "coords_source": "dropped_pin", "google_place_name": "", "google_address": "", "place_id": "", "original_short_url": "https://maps.app.goo.gl/vZKhCykEp7s7pxQX8", "google_maps_link": "https://www.google.com/maps?q=21.4026520,39.8093650", "notes": ""}}, {"type": "Feature", "geometry": {"type": "Point", "coordinates": [45.947207, 28.300298]}, "properties": {"row": 216, "station_number": "EP329", "city": "حفر الباطن", "station_name": "محطة الورود", "operational_status": "Franchises", "coords_source": "dropped_pin", "google_place_name": "", "google_address": "", "place_id": "", "original_short_url": "https://maps.app.goo.gl/5CdfZdUp26V1hYEHA", "google_maps_link": "https://www.google.com/maps?q=28.3002980,45.9472070", "notes": ""}}, {"type": "Feature", "geometry": {"type": "Point", "coordinates": [43.118334, 16.928832]}, "properties": {"row": 217, "station_number": "JA157", "city": "جازان", "station_name": "ديبر", "operational_status": "Franchises", "coords_source": "dropped_pin", "google_place_name": "", "google_address": "", "place_id": "", "original_short_url": "https://maps.app.goo.gl/wEUGzJW9ZJTQABBN8", "google_maps_link": "https://www.google.com/maps?q=16.9288320,43.1183340", "notes": ""}}, {"type": "Feature", "geometry": {"type": "Point", "coordinates": [43.092372, 16.9148786]}, "properties": {"row": 218, "station_number": "JA152", "city": "جازان", "station_name": "أبو سبيلة-العارضة", "operational_status": "Franchises", "coords_source": "dropped_pin", "google_place_name": "", "google_address": "", "place_id": "", "original_short_url": "https://maps.app.goo.gl/VvYiUXMtHmQnEAyRA", "google_maps_link": "https://www.google.com/maps?q=16.9148786,43.0923720", "notes": ""}}, {"type": "Feature", "geometry": {"type": "Point", "coordinates": [42.7200959, 17.0507214]}, "properties": {"row": 219, "station_number": "JA209", "city": "جازان", "station_name": "ضمد-الظبية", "operational_status": "Franchises", "coords_source": "google_place", "google_place_name": "محطة صديق الطريق", "google_address": "3P2C+72Q، طريق صنبه, Damad Saudi Arabia", "place_id": "ChIJiYmtagBZ_RURJH3U_hyF6Jw", "original_short_url": "https://maps.app.goo.gl/u4JQsCJctwE7ED4d8?g_st=iw", "google_maps_link": "https://www.google.com/maps?q=17.0507214,42.7200959", "notes": ""}}, {"type": "Feature", "geometry": {"type": "Point", "coordinates": [41.900188, 18.00677]}, "properties": {"row": 220, "station_number": "AS328", "city": "محايل عسير", "station_name": "خميس البحر", "operational_status": "Franchises", "coords_source": "dropped_pin", "google_place_name": "", "google_address": "", "place_id": "", "original_short_url": "https://maps.app.goo.gl/SNa6GqCdjzbRKh386", "google_maps_link": "https://www.google.com/maps?q=18.0067700,41.9001880", "notes": ""}}]}